Timestamp,Vibration_X,Vibration_Y,Vibration_Z,Magnitude,Aux1,Aux2,Aux3,Raw_Data1,Raw_Data2,Raw_Data3,Raw_Extra1,Raw_Extra2,Raw_Extra3
2025-11-05 14:51:25.106,0.0,1.0,0.0,1.0,0,0,0,0,1,0,0,0,0
2025-11-05 14:51:25.196,0.0,0.0,0.0,0.0,0,0,0,0,0,0,0,0,0
2025-11-05 14:51:25.314,0.0,1.0,1.0,1.4142135623730951,0,0,0,0,1,1,0,0,0
2025-11-05 14:51:25.375,0.0,1.0,0.0,1.0,1,0,0,0,1,0,1,0,0
2025-11-05 14:51:25.494,0.0,1.0,0.0,1.0,1,0,0,0,1,0,1,0,0
2025-11-05 14:51:25.584,0.0,0.0,0.0,0.0,0,0,0,0,0,0,0,0,0
2025-11-05 14:51:25.717,0.0,1.0,1.0,1.4142135623730951,0,0,0,0,1,1,0,0,0
2025-11-05 14:51:25.873,0.0,1.0,1.0,1.4142135623730951,1,0,0,0,1,1,1,0,0
2025-11-05 14:51:25.914,0.0,1.0,1.0,1.4142135623730951,0,0,1,0,1,1,0,0,1
2025-11-05 14:51:26.003,0.0,1.0,1.0,1.4142135623730951,1,0,0,0,1,1,1,0,0
2025-11-05 14:51:26.124,1.0,2.0,0.0,2.23606797749979,2,0,1,1,2,0,2,0,1
2025-11-05 14:51:26.262,0.0,1.0,1.0,1.4142135623730951,2,0,1,0,1,1,2,0,1
2025-11-05 14:51:26.304,0.0,2.0,1.0,2.23606797749979,2,0,1,0,2,1,2,0,1
2025-11-05 14:51:26.394,0.0,4.0,2.0,4.47213595499958,2,0,1,0,4,2,2,0,1
2025-11-05 14:51:26.513,0.0,2.0,1.0,2.23606797749979,2,0,1,0,2,1,2,0,1
2025-11-05 14:51:26.652,1.0,3.0,1.0,3.3166247903554,2,0,1,1,3,1,2,0,1
2025-11-05 14:51:26.724,0.0,3.0,2.0,3.605551275463989,2,0,1,0,3,2,2,0,1
2025-11-05 14:51:26.784,1.0,3.0,2.0,3.7416573867739413,3,0,1,1,3,2,3,0,1
2025-11-05 14:51:26.906,1.0,4.0,1.0,4.242640687119285,4,0,1,1,4,1,4,0,1
2025-11-05 14:51:27.041,1.0,4.0,3.0,5.0990195135927845,2,0,2,1,4,3,2,0,2
2025-11-05 14:51:27.113,1.0,4.0,2.0,4.58257569495584,6,0,1,1,4,2,6,0,1
2025-11-05 14:51:27.214,1.0,4.0,3.0,5.0990195135927845,4,0,1,1,4,3,4,0,1
2025-11-05 14:51:27.326,0.0,4.0,2.0,4.47213595499958,3,0,2,0,4,2,3,0,2
2025-11-05 14:51:27.431,0.0,4.0,2.0,4.47213595499958,5,0,1,0,4,2,5,0,1
2025-11-05 14:51:27.536,0.0,4.0,4.0,5.656854249492381,8,0,2,0,4,4,8,0,2
2025-11-05 14:51:27.594,0.0,4.0,3.0,5.0,7,0,1,0,4,3,7,0,1
2025-11-05 14:51:27.714,0.0,4.0,3.0,5.0,7,0,2,0,4,3,7,0,2
2025-11-05 14:51:27.853,0.0,4.0,3.0,5.0,9,0,2,0,4,3,9,0,2
2025-11-05 14:51:27.924,1.0,4.0,4.0,5.744562646538029,9,0,2,1,4,4,9,0,2
2025-11-05 14:51:28.014,0.0,4.0,3.0,5.0,9,0,2,0,4,3,9,0,2
2025-11-05 14:51:28.142,0.0,4.0,4.0,5.656854249492381,9,0,2,0,4,4,9,0,2
2025-11-05 14:51:28.236,0.0,4.0,3.0,5.0,10,0,2,0,4,3,10,0,2
2025-11-05 14:51:28.313,0.0,4.0,4.0,5.656854249492381,10,0,1,0,4,4,10,0,1
2025-11-05 14:51:28.404,0.0,4.0,4.0,5.656854249492381,10,0,2,0,4,4,10,0,2
2025-11-05 14:51:28.531,0.0,4.0,4.0,5.656854249492381,11,0,2,0,4,4,11,0,2
2025-11-05 14:51:28.625,0.0,4.0,3.0,5.0,13,0,2,0,4,3,13,0,2
2025-11-05 14:51:28.736,0.0,4.0,5.0,6.4031242374328485,13,0,3,0,4,5,13,0,3
2025-11-05 14:51:28.827,0.0,4.0,4.0,5.656854249492381,11,0,2,0,4,4,11,0,2
2025-11-05 14:51:29.016,0.0,3.0,4.0,5.0,12,0,2,0,3,4,12,0,2
2025-11-05 14:51:29.016,1.0,4.0,4.0,5.744562646538029,14,0,3,1,4,4,14,0,3
2025-11-05 14:51:29.124,0.0,3.0,4.0,5.0,12,0,3,0,3,4,12,0,3
2025-11-05 14:51:29.236,1.0,4.0,4.0,5.744562646538029,14,0,2,1,4,4,14,0,2
2025-11-05 14:51:29.406,1.0,4.0,3.0,5.0990195135927845,14,0,3,1,4,3,14,0,3
2025-11-05 14:51:29.426,1.0,4.0,3.0,5.0990195135927845,13,0,2,1,4,3,13,0,2
2025-11-05 14:51:29.544,1.0,5.0,4.0,6.48074069840786,14,0,3,1,5,4,14,0,3
2025-11-05 14:51:29.608,0.0,4.0,4.0,5.656854249492381,13,0,3,0,4,4,13,0,3
2025-11-05 14:51:29.795,0.0,3.0,4.0,5.0,14,0,3,0,3,4,14,0,3
2025-11-05 14:51:29.813,0.0,3.0,4.0,5.0,12,0,3,0,3,4,12,0,3
2025-11-05 14:51:29.933,0.0,3.0,3.0,4.242640687119285,15,0,3,0,3,3,15,0,3
2025-11-05 14:51:30.026,1.0,3.0,4.0,5.0990195135927845,13,0,3,1,3,4,13,0,3
2025-11-05 14:51:30.185,1.0,4.0,4.0,5.744562646538029,13,0,3,1,4,4,13,0,3
2025-11-05 14:51:30.234,1.0,3.0,4.0,5.0990195135927845,14,0,3,1,3,4,14,0,3
2025-11-05 14:51:30.356,1.0,4.0,4.0,5.744562646538029,17,0,3,1,4,4,17,0,3
2025-11-05 14:51:30.416,0.0,4.0,4.0,5.656854249492381,14,0,3,0,4,4,14,0,3
2025-11-05 14:51:30.605,2.0,3.0,4.0,5.385164807134504,12,0,3,2,3,4,12,0,3
2025-11-05 14:51:30.626,1.0,4.0,3.0,5.0990195135927845,15,0,3,1,4,3,15,0,3
2025-11-05 14:51:30.744,1.0,3.0,4.0,5.0990195135927845,13,0,3,1,3,4,13,0,3
2025-11-05 14:51:30.837,1.0,4.0,4.0,5.744562646538029,15,0,3,1,4,4,15,0,3
2025-11-05 14:51:30.994,0.0,4.0,4.0,5.656854249492381,14,0,3,0,4,4,14,0,3
2025-11-05 14:51:31.014,1.0,3.0,3.0,4.358898943540674,11,0,2,1,3,3,11,0,2
2025-11-05 14:51:31.135,1.0,4.0,4.0,5.744562646538029,16,0,3,1,4,4,16,0,3
2025-11-05 14:51:31.226,1.0,3.0,4.0,5.0990195135927845,15,0,3,1,3,4,15,0,3
2025-11-05 14:51:31.387,1.0,2.0,4.0,4.58257569495584,14,0,3,1,2,4,14,0,3
2025-11-05 14:51:31.434,0.0,4.0,4.0,5.656854249492381,14,0,2,0,4,4,14,0,2
2025-11-05 14:51:31.554,1.0,3.0,4.0,5.0990195135927845,15,0,3,1,3,4,15,0,3
2025-11-05 14:51:31.644,1.0,3.0,4.0,5.0990195135927845,15,0,3,1,3,4,15,0,3
2025-11-05 14:51:31.781,0.0,3.0,4.0,5.0,14,0,3,0,3,4,14,0,3
2025-11-05 14:51:31.826,1.0,3.0,5.0,5.916079783099616,17,0,3,1,3,5,17,0,3
2025-11-05 14:51:31.943,0.0,3.0,4.0,5.0,15,0,3,0,3,4,15,0,3
2025-11-05 14:51:32.034,1.0,3.0,4.0,5.0990195135927845,15,0,3,1,3,4,15,0,3
2025-11-05 14:51:32.174,1.0,3.0,4.0,5.0990195135927845,12,0,3,1,3,4,12,0,3
2025-11-05 14:51:32.244,1.0,3.0,4.0,5.0990195135927845,14,0,3,1,3,4,14,0,3
2025-11-05 14:51:32.365,1.0,4.0,4.0,5.744562646538029,16,0,3,1,4,4,16,0,3
2025-11-05 14:51:32.426,1.0,4.0,4.0,5.744562646538029,15,0,3,1,4,4,15,0,3
2025-11-05 14:51:32.566,1.0,3.0,4.0,5.0990195135927845,15,0,3,1,3,4,15,0,3
2025-11-05 14:51:32.634,1.0,3.0,3.0,4.358898943540674,16,0,3,1,3,3,16,0,3
2025-11-05 14:51:32.755,1.0,3.0,3.0,4.358898943540674,14,0,3,1,3,3,14,0,3
2025-11-05 14:51:32.845,1.0,3.0,4.0,5.0990195135927845,14,0,3,1,3,4,14,0,3
2025-11-05 14:51:32.996,1.0,4.0,4.0,5.744562646538029,15,0,3,1,4,4,15,0,3
2025-11-05 14:51:33.054,1.0,3.0,5.0,5.916079783099616,14,0,3,1,3,5,14,0,3
2025-11-05 14:51:33.174,1.0,3.0,5.0,5.916079783099616,16,0,3,1,3,5,16,0,3
2025-11-05 14:51:33.233,1.0,4.0,4.0,5.744562646538029,16,0,3,1,4,4,16,0,3
2025-11-05 14:51:33.354,1.0,3.0,4.0,5.0990195135927845,15,0,3,1,3,4,15,0,3
2025-11-05 14:51:33.443,1.0,3.0,4.0,5.0990195135927845,14,0,3,1,3,4,14,0,3
2025-11-05 14:51:33.566,1.0,4.0,4.0,5.744562646538029,15,0,3,1,4,4,15,0,3
2025-11-05 14:51:33.656,1.0,4.0,4.0,5.744562646538029,16,0,3,1,4,4,16,0,3
2025-11-05 14:51:33.774,0.0,3.0,4.0,5.0,19,0,3,0,3,4,19,0,3
2025-11-05 14:51:33.835,1.0,3.0,4.0,5.0990195135927845,14,0,3,1,3,4,14,0,3
2025-11-05 14:51:33.954,0.0,3.0,4.0,5.0,15,0,3,0,3,4,15,0,3
2025-11-05 14:51:34.044,1.0,3.0,3.0,4.358898943540674,15,0,3,1,3,3,15,0,3
2025-11-05 14:51:34.169,1.0,4.0,4.0,5.744562646538029,15,0,3,1,4,4,15,0,3
2025-11-05 14:51:34.343,1.0,4.0,4.0,5.744562646538029,16,0,3,1,4,4,16,0,3
2025-11-05 14:51:34.374,1.0,3.0,5.0,5.916079783099616,15,0,3,1,3,5,15,0,3
2025-11-05 14:51:34.475,0.0,3.0,4.0,5.0,14,0,3,0,3,4,14,0,3
2025-11-05 14:51:34.584,1.0,3.0,4.0,5.0990195135927845,15,0,3,1,3,4,15,0,3
2025-11-05 14:51:34.734,1.0,3.0,4.0,5.0990195135927845,13,0,3,1,3,4,13,0,3
2025-11-05 14:51:34.766,0.0,3.0,3.0,4.242640687119285,13,0,3,0,3,3,13,0,3
2025-11-05 14:51:34.854,1.0,4.0,4.0,5.744562646538029,14,0,3,1,4,4,14,0,3
2025-11-05 14:51:34.974,1.0,4.0,4.0,5.744562646538029,15,0,3,1,4,4,15,0,3
2025-11-05 14:51:35.127,1.0,4.0,4.0,5.744562646538029,16,0,3,1,4,4,16,0,3
2025-11-05 14:51:35.184,1.0,3.0,4.0,5.0990195135927845,16,0,3,1,3,4,16,0,3
2025-11-05 14:51:35.244,1.0,3.0,4.0,5.0990195135927845,16,0,3,1,3,4,16,0,3
2025-11-05 14:51:35.367,1.0,3.0,3.0,4.358898943540674,13,0,3,1,3,3,13,0,3
2025-11-05 14:51:35.518,0.0,3.0,5.0,5.830951894845301,15,0,4,0,3,5,15,0,4
2025-11-05 14:51:35.574,1.0,4.0,4.0,5.744562646538029,15,0,3,1,4,4,15,0,3
2025-11-05 14:51:35.665,1.0,3.0,5.0,5.916079783099616,15,0,3,1,3,5,15,0,3
2025-11-05 14:51:35.785,0.0,4.0,4.0,5.656854249492381,15,0,3,0,4,4,15,0,3
2025-11-05 14:51:35.951,1.0,3.0,4.0,5.0990195135927845,15,0,3,1,3,4,15,0,3
2025-11-05 14:51:35.997,1.0,3.0,4.0,5.0990195135927845,13,0,3,1,3,4,13,0,3
2025-11-05 14:51:36.054,1.0,3.0,3.0,4.358898943540674,17,0,3,1,3,3,17,0,3
2025-11-05 14:51:36.174,1.0,4.0,4.0,5.744562646538029,17,0,3,1,4,4,17,0,3
2025-11-05 14:51:36.347,0.0,3.0,5.0,5.830951894845301,17,0,4,0,3,5,17,0,4
2025-11-05 14:51:36.384,1.0,4.0,5.0,6.48074069840786,16,0,4,1,4,5,16,0,4
2025-11-05 14:51:36.474,1.0,4.0,4.0,5.744562646538029,15,0,3,1,4,4,15,0,3
2025-11-05 14:51:36.596,0.0,4.0,4.0,5.656854249492381,15,0,3,0,4,4,15,0,3
2025-11-05 14:51:36.735,1.0,3.0,4.0,5.0990195135927845,13,0,3,1,3,4,13,0,3
2025-11-05 14:51:36.773,0.0,3.0,3.0,4.242640687119285,15,0,3,0,3,3,15,0,3
2025-11-05 14:51:36.864,1.0,3.0,4.0,5.0990195135927845,15,0,3,1,3,4,15,0,3
2025-11-05 14:51:36.984,0.0,4.0,4.0,5.656854249492381,16,0,3,0,4,4,16,0,3
2025-11-05 14:51:37.125,1.0,3.0,4.0,5.0990195135927845,16,0,4,1,3,4,16,0,4
2025-11-05 14:51:37.196,1.0,4.0,5.0,6.48074069840786,16,0,3,1,4,5,16,0,3
2025-11-05 14:51:37.285,1.0,3.0,4.0,5.0990195135927845,14,0,3,1,3,4,14,0,3
2025-11-05 14:51:37.404,1.0,4.0,5.0,6.48074069840786,14,0,3,1,4,5,14,0,3
2025-11-05 14:51:37.517,0.0,4.0,4.0,5.656854249492381,17,0,3,0,4,4,17,0,3
2025-11-05 14:51:37.584,1.0,4.0,4.0,5.744562646538029,16,0,3,1,4,4,16,0,3
2025-11-05 14:51:37.674,0.0,4.0,4.0,5.656854249492381,17,0,3,0,4,4,17,0,3
2025-11-05 14:51:37.797,1.0,3.0,4.0,5.0990195135927845,16,0,3,1,3,4,16,0,3
2025-11-05 14:51:37.906,1.0,3.0,5.0,5.916079783099616,15,0,3,1,3,5,15,0,3
2025-11-05 14:51:38.004,0.0,4.0,5.0,6.4031242374328485,14,0,2,0,4,5,14,0,2
2025-11-05 14:51:38.070,1.0,3.0,4.0,5.0990195135927845,13,0,3,1,3,4,13,0,3
2025-11-05 14:51:38.185,0.0,4.0,4.0,5.656854249492381,16,0,3,0,4,4,16,0,3
2025-11-05 14:51:38.297,1.0,3.0,4.0,5.0990195135927845,15,0,3,1,3,4,15,0,3
2025-11-05 14:51:38.396,1.0,4.0,4.0,5.744562646538029,15,0,3,1,4,4,15,0,3
2025-11-05 14:51:38.525,0.0,4.0,4.0,5.656854249492381,15,0,3,0,4,4,15,0,3
2025-11-05 14:51:38.606,1.0,4.0,5.0,6.48074069840786,15,0,3,1,4,5,15,0,3
2025-11-05 14:51:38.716,0.0,3.0,4.0,5.0,16,0,3,0,3,4,16,0,3
2025-11-05 14:51:38.816,1.0,3.0,3.0,4.358898943540674,17,0,3,1,3,3,17,0,3
2025-11-05 14:51:38.874,1.0,3.0,4.0,5.0990195135927845,15,0,3,1,3,4,15,0,3
2025-11-05 14:51:38.996,0.0,3.0,4.0,5.0,15,0,3,0,3,4,15,0,3
2025-11-05 14:51:39.102,1.0,3.0,4.0,5.0990195135927845,16,0,3,1,3,4,16,0,3
2025-11-05 14:51:39.204,0.0,4.0,4.0,5.656854249492381,16,0,3,0,4,4,16,0,3
2025-11-05 14:51:39.301,1.0,2.0,4.0,4.58257569495584,13,0,3,1,2,4,13,0,3
2025-11-05 14:51:39.488,1.0,3.0,3.0,4.358898943540674,16,0,3,1,3,3,16,0,3
2025-11-05 14:51:39.488,1.0,3.0,4.0,5.0990195135927845,16,0,3,1,3,4,16,0,3
2025-11-05 14:51:39.596,1.0,3.0,4.0,5.0990195135927845,13,0,3,1,3,4,13,0,3
2025-11-05 14:51:39.684,0.0,4.0,3.0,5.0,16,0,3,0,4,3,16,0,3
2025-11-05 14:51:39.871,1.0,4.0,5.0,6.48074069840786,16,0,3,1,4,5,16,0,3
2025-11-05 14:51:39.896,0.0,3.0,4.0,5.0,15,0,3,0,3,4,15,0,3
2025-11-05 14:51:40.015,1.0,4.0,5.0,6.48074069840786,15,0,3,1,4,5,15,0,3
2025-11-05 14:51:40.104,1.0,3.0,3.0,4.358898943540674,15,0,3,1,3,3,15,0,3
2025-11-05 14:51:40.254,1.0,4.0,5.0,6.48074069840786,16,0,3,1,4,5,16,0,3
2025-11-05 14:51:40.283,1.0,4.0,4.0,5.744562646538029,17,0,3,1,4,4,17,0,3
2025-11-05 14:51:40.405,1.0,3.0,4.0,5.0990195135927845,15,0,3,1,3,4,15,0,3
2025-11-05 14:51:40.496,1.0,4.0,4.0,5.744562646538029,16,0,3,1,4,4,16,0,3
2025-11-05 14:51:40.636,0.0,3.0,3.0,4.242640687119285,16,0,3,0,3,3,16,0,3
2025-11-05 14:51:40.703,1.0,3.0,3.0,4.358898943540674,15,0,3,1,3,3,15,0,3
2025-11-05 14:51:40.830,1.0,4.0,4.0,5.744562646538029,14,0,3,1,4,4,14,0,3
2025-11-05 14:51:40.884,1.0,4.0,4.0,5.744562646538029,16,0,3,1,4,4,16,0,3
2025-11-05 14:51:41.062,1.0,3.0,5.0,5.916079783099616,15,0,3,1,3,5,15,0,3
2025-11-05 14:51:41.094,0.0,3.0,5.0,5.830951894845301,16,0,3,0,3,5,16,0,3
2025-11-05 14:51:41.215,1.0,3.0,4.0,5.0990195135927845,15,0,3,1,3,4,15,0,3
2025-11-05 14:51:41.304,1.0,3.0,4.0,5.0990195135927845,14,0,3,1,3,4,14,0,3
2025-11-05 14:51:41.446,0.0,3.0,4.0,5.0,15,0,3,0,3,4,15,0,3
2025-11-05 14:51:41.513,1.0,3.0,4.0,5.0990195135927845,15,0,3,1,3,4,15,0,3
2025-11-05 14:51:41.642,0.0,3.0,5.0,5.830951894845301,14,0,3,0,3,5,14,0,3
2025-11-05 14:51:41.696,1.0,4.0,4.0,5.744562646538029,15,0,3,1,4,4,15,0,3
2025-11-05 14:51:41.834,0.0,3.0,4.0,5.0,15,0,3,0,3,4,15,0,3
2025-11-05 14:51:41.904,1.0,4.0,3.0,5.0990195135927845,14,0,3,1,4,3,14,0,3
2025-11-05 14:51:42.036,0.0,4.0,4.0,5.656854249492381,16,0,3,0,4,4,16,0,3
2025-11-05 14:51:42.114,1.0,4.0,3.0,5.0990195135927845,16,0,3,1,4,3,16,0,3
2025-11-05 14:51:42.236,1.0,4.0,4.0,5.744562646538029,19,0,3,1,4,4,19,0,3
2025-11-05 14:51:42.297,1.0,3.0,4.0,5.0990195135927845,16,0,3,1,3,4,16,0,3
2025-11-05 14:51:42.416,1.0,4.0,4.0,5.744562646538029,18,0,3,1,4,4,18,0,3
2025-11-05 14:51:42.505,0.0,3.0,4.0,5.0,15,0,3,0,3,4,15,0,3
2025-11-05 14:51:42.624,1.0,3.0,4.0,5.0990195135927845,15,0,4,1,3,4,15,0,4
2025-11-05 14:51:42.715,1.0,4.0,4.0,5.744562646538029,17,0,3,1,4,4,17,0,3
2025-11-05 14:51:42.834,1.0,3.0,4.0,5.0990195135927845,16,0,4,1,3,4,16,0,4
2025-11-05 14:51:42.985,1.0,4.0,5.0,6.48074069840786,16,0,3,1,4,5,16,0,3
2025-11-05 14:51:43.044,0.0,3.0,4.0,5.0,16,0,3,0,3,4,16,0,3
2025-11-05 14:51:43.103,1.0,3.0,4.0,5.0990195135927845,15,0,3,1,3,4,15,0,3
2025-11-05 14:51:43.227,0.0,4.0,4.0,5.656854249492381,16,0,3,0,4,4,16,0,3
2025-11-05 14:51:43.365,0.0,4.0,4.0,5.656854249492381,16,0,3,0,4,4,16,0,3
2025-11-05 14:51:43.434,1.0,3.0,4.0,5.0990195135927845,14,0,3,1,3,4,14,0,3
2025-11-05 14:51:43.525,1.0,4.0,4.0,5.744562646538029,15,0,3,1,4,4,15,0,3
2025-11-05 14:51:43.645,1.0,3.0,4.0,5.0990195135927845,16,0,3,1,3,4,16,0,3
2025-11-05 14:51:43.770,1.0,4.0,4.0,5.744562646538029,16,0,3,1,4,4,16,0,3
2025-11-05 14:51:43.827,1.0,3.0,5.0,5.916079783099616,15,0,4,1,3,5,15,0,4
2025-11-05 14:51:43.916,1.0,3.0,4.0,5.0990195135927845,14,0,3,1,3,4,14,0,3
2025-11-05 14:51:44.034,0.0,3.0,4.0,5.0,15,0,3,0,3,4,15,0,3
2025-11-05 14:51:44.147,1.0,3.0,5.0,5.916079783099616,13,0,3,1,3,5,13,0,3
2025-11-05 14:51:44.244,1.0,3.0,4.0,5.0990195135927845,14,0,3,1,3,4,14,0,3
2025-11-05 14:51:44.339,1.0,3.0,5.0,5.916079783099616,15,0,3,1,3,5,15,0,3
2025-11-05 14:51:44.524,1.0,3.0,4.0,5.0990195135927845,14,0,3,1,3,4,14,0,3
2025-11-05 14:51:44.524,1.0,4.0,4.0,5.744562646538029,18,0,3,1,4,4,18,0,3
2025-11-05 14:51:44.635,1.0,3.0,4.0,5.0990195135927845,15,0,3,1,3,4,15,0,3
2025-11-05 14:51:44.726,0.0,4.0,4.0,5.656854249492381,15,0,3,0,4,4,15,0,3
2025-11-05 14:51:44.903,1.0,3.0,4.0,5.0990195135927845,16,0,3,1,3,4,16,0,3
2025-11-05 14:51:44.934,0.0,4.0,4.0,5.656854249492381,17,0,3,0,4,4,17,0,3
2025-11-05 14:51:45.054,2.0,5.0,5.0,7.3484692283495345,13,0,2,2,5,5,13,0,2
2025-11-05 14:51:45.115,1.0,3.0,4.0,5.0990195135927845,16,0,3,1,3,4,16,0,3
2025-11-05 14:51:45.286,0.0,3.0,4.0,5.0,15,0,2,0,3,4,15,0,2
2025-11-05 14:51:45.327,2.0,4.0,4.0,6.0,17,0,4,2,4,4,17,0,4
2025-11-05 14:51:45.444,0.0,4.0,4.0,5.656854249492381,16,0,3,0,4,4,16,0,3
2025-11-05 14:51:45.533,1.0,2.0,4.0,4.58257569495584,15,0,3,1,2,4,15,0,3
2025-11-05 14:51:45.662,1.0,3.0,4.0,5.0990195135927845,17,0,3,1,3,4,17,0,3
2025-11-05 14:51:45.743,0.0,4.0,4.0,5.656854249492381,17,0,3,0,4,4,17,0,3
2025-11-05 14:51:45.869,1.0,4.0,4.0,5.744562646538029,14,0,3,1,4,4,14,0,3
2025-11-05 14:51:45.925,0.0,3.0,3.0,4.242640687119285,13,0,3,0,3,3,13,0,3
2025-11-05 14:51:46.044,1.0,3.0,4.0,5.0990195135927845,16,0,3,1,3,4,16,0,3
2025-11-05 14:51:46.135,0.0,3.0,4.0,5.0,15,0,3,0,3,4,15,0,3
2025-11-05 14:51:46.257,1.0,4.0,4.0,5.744562646538029,19,0,3,1,4,4,19,0,3
2025-11-05 14:51:46.345,1.0,3.0,4.0,5.0990195135927845,14,0,3,1,3,4,14,0,3
2025-11-05 14:51:46.471,0.0,3.0,4.0,5.0,16,0,3,0,3,4,16,0,3
2025-11-05 14:51:46.523,1.0,3.0,3.0,4.358898943540674,17,0,3,1,3,3,17,0,3
2025-11-05 14:51:46.644,0.0,3.0,4.0,5.0,16,0,3,0,3,4,16,0,3
2025-11-05 14:51:46.819,1.0,4.0,4.0,5.744562646538029,14,0,3,1,4,4,14,0,3
2025-11-05 14:51:46.854,1.0,3.0,4.0,5.0990195135927845,15,0,3,1,3,4,15,0,3
2025-11-05 14:51:46.945,1.0,3.0,5.0,5.916079783099616,16,0,3,1,3,5,16,0,3
2025-11-05 14:51:47.068,1.0,4.0,4.0,5.744562646538029,16,0,4,1,4,4,16,0,4
2025-11-05 14:51:47.192,0.0,3.0,4.0,5.0,16,0,3,0,3,4,16,0,3
2025-11-05 14:51:47.274,1.0,3.0,4.0,5.0990195135927845,15,0,3,1,3,4,15,0,3
2025-11-05 14:51:47.337,0.0,4.0,4.0,5.656854249492381,18,0,3,0,4,4,18,0,3
2025-11-05 14:51:47.454,1.0,3.0,4.0,5.0990195135927845,16,0,3,1,3,4,16,0,3
2025-11-05 14:51:47.564,1.0,4.0,4.0,5.744562646538029,16,0,3,1,4,4,16,0,3
2025-11-05 14:51:47.666,1.0,3.0,4.0,5.0990195135927845,16,0,3,1,3,4,16,0,3
2025-11-05 14:51:47.754,1.0,4.0,4.0,5.744562646538029,16,0,3,1,4,4,16,0,3
2025-11-05 14:51:47.936,1.0,3.0,5.0,5.916079783099616,14,0,3,1,3,5,14,0,3
2025-11-05 14:51:47.936,1.0,4.0,4.0,5.744562646538029,15,0,3,1,4,4,15,0,3
2025-11-05 14:51:48.055,1.0,3.0,4.0,5.0990195135927845,16,0,3,1,3,4,16,0,3
2025-11-05 14:51:48.144,1.0,3.0,4.0,5.0990195135927845,16,0,3,1,3,4,16,0,3
2025-11-05 14:51:48.304,0.0,4.0,4.0,5.656854249492381,16,0,3,0,4,4,16,0,3
2025-11-05 14:51:48.354,1.0,4.0,4.0,5.744562646538029,18,0,4,1,4,4,18,0,4
2025-11-05 14:51:48.475,1.0,4.0,4.0,5.744562646538029,16,0,3,1,4,4,16,0,3
2025-11-05 14:51:48.567,1.0,3.0,4.0,5.0990195135927845,17,0,3,1,3,4,17,0,3
2025-11-05 14:51:48.708,1.0,4.0,4.0,5.744562646538029,16,0,3,1,4,4,16,0,3
2025-11-05 14:51:48.744,1.0,3.0,4.0,5.0990195135927845,16,0,3,1,3,4,16,0,3
2025-11-05 14:51:48.888,1.0,4.0,4.0,5.744562646538029,15,0,3,1,4,4,15,0,3
2025-11-05 14:51:48.954,1.0,3.0,4.0,5.0990195135927845,14,0,3,1,3,4,14,0,3
2025-11-05 14:51:49.079,1.0,4.0,4.0,5.744562646538029,17,0,3,1,4,4,17,0,3
2025-11-05 14:51:49.165,0.0,3.0,3.0,4.242640687119285,15,0,3,0,3,3,15,0,3
2025-11-05 14:51:49.286,1.0,4.0,4.0,5.744562646538029,17,0,3,1,4,4,17,0,3
2025-11-05 14:51:49.345,0.0,3.0,4.0,5.0,17,0,3,0,3,4,17,0,3
2025-11-05 14:51:49.467,1.0,3.0,4.0,5.0990195135927845,16,0,3,1,3,4,16,0,3
2025-11-05 14:51:49.554,1.0,3.0,4.0,5.0990195135927845,16,0,3,1,3,4,16,0,3
2025-11-05 14:51:49.674,1.0,3.0,4.0,5.0990195135927845,15,0,3,1,3,4,15,0,3
2025-11-05 14:51:49.813,1.0,4.0,5.0,6.48074069840786,16,0,3,1,4,5,16,0,3
2025-11-05 14:51:49.884,0.0,2.0,3.0,3.605551275463989,14,0,3,0,2,3,14,0,3
2025-11-05 14:51:49.945,1.0,4.0,4.0,5.744562646538029,15,0,3,1,4,4,15,0,3
2025-11-05 14:51:50.185,1.0,4.0,5.0,6.48074069840786,14,0,3,1,4,5,14,0,3
2025-11-05 14:51:50.186,1.0,4.0,5.0,6.48074069840786,17,0,4,1,4,5,17,0,4
2025-11-05 14:51:50.275,1.0,3.0,4.0,5.0990195135927845,15,0,3,1,3,4,15,0,3
2025-11-05 14:51:50.373,1.0,4.0,5.0,6.48074069840786,20,0,4,1,4,5,20,0,4
2025-11-05 14:51:50.561,1.0,3.0,4.0,5.0990195135927845,13,0,2,1,3,4,13,0,2
2025-11-05 14:51:50.574,0.0,3.0,4.0,5.0,15,0,3,0,3,4,15,0,3
2025-11-05 14:51:50.694,1.0,3.0,4.0,5.0990195135927845,13,0,3,1,3,4,13,0,3
2025-11-05 14:51:50.759,1.0,4.0,3.0,5.0990195135927845,17,0,3,1,4,3,17,0,3
2025-11-05 14:51:50.937,1.0,4.0,5.0,6.48074069840786,18,0,3,1,4,5,18,0,3
2025-11-05 14:51:50.964,0.0,3.0,4.0,5.0,16,0,3,0,3,4,16,0,3
2025-11-05 14:51:51.085,1.0,3.0,5.0,5.916079783099616,17,0,3,1,3,5,17,0,3
2025-11-05 14:51:51.175,1.0,3.0,4.0,5.0990195135927845,16,0,3,1,3,4,16,0,3
2025-11-05 14:51:51.349,1.0,4.0,5.0,6.48074069840786,15,0,3,1,4,5,15,0,3
2025-11-05 14:51:51.354,1.0,3.0,4.0,5.0990195135927845,16,0,3,1,3,4,16,0,3
2025-11-05 14:51:51.504,0.0,3.0,5.0,5.830951894845301,16,0,3,0,3,5,16,0,3
2025-11-05 14:51:51.566,1.0,4.0,4.0,5.744562646538029,15,0,3,1,4,4,15,0,3
2025-11-05 14:51:51.729,0.0,4.0,3.0,5.0,17,0,3,0,4,3,17,0,3
2025-11-05 14:51:51.775,1.0,4.0,5.0,6.48074069840786,16,0,3,1,4,5,16,0,3
2025-11-05 14:51:51.897,0.0,3.0,3.0,4.242640687119285,14,0,2,0,3,3,14,0,2
2025-11-05 14:51:51.983,1.0,3.0,3.0,4.358898943540674,16,0,3,1,3,3,16,0,3
2025-11-05 14:51:52.110,1.0,4.0,4.0,5.744562646538029,17,0,3,1,4,4,17,0,3
2025-11-05 14:51:52.165,1.0,3.0,4.0,5.0990195135927845,17,0,3,1,3,4,17,0,3
2025-11-05 14:51:52.286,1.0,4.0,4.0,5.744562646538029,17,0,3,1,4,4,17,0,3
2025-11-05 14:51:52.375,0.0,3.0,4.0,5.0,15,0,3,0,3,4,15,0,3
2025-11-05 14:51:52.497,1.0,4.0,3.0,5.0990195135927845,16,0,3,1,4,3,16,0,3
2025-11-05 14:51:52.585,0.0,3.0,4.0,5.0,15,0,2,0,3,4,15,0,2
2025-11-05 14:51:52.706,1.0,3.0,3.0,4.358898943540674,16,0,3,1,3,3,16,0,3
2025-11-05 14:51:52.769,0.0,4.0,3.0,5.0,15,0,3,0,4,3,15,0,3
2025-11-05 14:51:52.914,1.0,4.0,4.0,5.744562646538029,16,0,3,1,4,4,16,0,3
2025-11-05 14:51:52.974,0.0,4.0,3.0,5.0,16,0,3,0,4,3,16,0,3
2025-11-05 14:51:53.097,1.0,3.0,4.0,5.0990195135927845,13,0,2,1,3,4,13,0,2
2025-11-05 14:51:53.245,1.0,3.0,3.0,4.358898943540674,15,0,2,1,3,3,15,0,2
2025-11-05 14:51:53.304,0.0,4.0,5.0,6.4031242374328485,15,0,3,0,4,5,15,0,3
2025-11-05 14:51:53.397,1.0,3.0,4.0,5.0990195135927845,16,0,3,1,3,4,16,0,3
2025-11-05 14:51:53.516,0.0,3.0,4.0,5.0,16,0,3,0,3,4,16,0,3
2025-11-05 14:51:53.624,1.0,4.0,3.0,5.0990195135927845,14,0,2,1,4,3,14,0,2
2025-11-05 14:51:53.697,0.0,3.0,4.0,5.0,17,0,3,0,3,4,17,0,3
2025-11-05 14:51:53.785,1.0,3.0,4.0,5.0990195135927845,14,0,3,1,3,4,14,0,3
2025-11-05 14:51:53.905,0.0,3.0,4.0,5.0,15,0,3,0,3,4,15,0,3
2025-11-05 14:51:54.033,1.0,4.0,4.0,5.744562646538029,17,0,3,1,4,4,17,0,3
2025-11-05 14:51:54.115,0.0,3.0,4.0,5.0,16,0,3,0,3,4,16,0,3
2025-11-05 14:51:54.175,1.0,4.0,4.0,5.744562646538029,15,0,3,1,4,4,15,0,3
2025-11-05 14:51:54.297,1.0,4.0,4.0,5.744562646538029,15,0,3,1,4,4,15,0,3
2025-11-05 14:51:54.410,0.0,3.0,4.0,5.0,15,0,3,0,3,4,15,0,3
2025-11-05 14:51:54.505,1.0,3.0,3.0,4.358898943540674,13,0,3,1,3,3,13,0,3
2025-11-05 14:51:54.604,0.0,3.0,4.0,5.0,15,0,3,0,3,4,15,0,3
2025-11-05 14:51:54.793,1.0,4.0,4.0,5.744562646538029,16,0,3,1,4,4,16,0,3
2025-11-05 14:51:54.804,1.0,3.0,4.0,5.0990195135927845,15,0,3,1,3,4,15,0,3
2025-11-05 14:51:54.925,1.0,4.0,4.0,5.744562646538029,16,0,3,1,4,4,16,0,3
2025-11-05 14:51:54.985,1.0,4.0,4.0,5.744562646538029,17,0,3,1,4,4,17,0,3
2025-11-05 14:51:55.174,1.0,3.0,4.0,5.0990195135927845,15,0,3,1,3,4,15,0,3
2025-11-05 14:51:55.197,1.0,3.0,3.0,4.358898943540674,16,0,3,1,3,3,16,0,3
2025-11-05 14:51:55.315,0.0,4.0,5.0,6.4031242374328485,15,0,3,0,4,5,15,0,3
2025-11-05 14:51:55.404,1.0,3.0,4.0,5.0990195135927845,16,0,3,1,3,4,16,0,3
2025-11-05 14:51:55.553,0.0,3.0,4.0,5.0,17,0,3,0,3,4,17,0,3
2025-11-05 14:51:55.585,1.0,3.0,4.0,5.0990195135927845,16,0,3,1,3,4,16,0,3
2025-11-05 14:51:55.704,1.0,3.0,4.0,5.0990195135927845,17,0,3,1,3,4,17,0,3
2025-11-05 14:51:55.797,1.0,3.0,4.0,5.0990195135927845,14,0,3,1,3,4,14,0,3
2025-11-05 14:51:55.933,0.0,4.0,4.0,5.656854249492381,16,0,3,0,4,4,16,0,3
2025-11-05 14:51:56.004,0.0,4.0,4.0,5.656854249492381,16,0,3,0,4,4,16,0,3
2025-11-05 14:51:56.129,1.0,4.0,4.0,5.744562646538029,16,0,3,1,4,4,16,0,3
2025-11-05 14:51:56.221,1.0,3.0,4.0,5.0990195135927845,14,0,3,1,3,4,14,0,3
2025-11-05 14:51:56.335,1.0,3.0,4.0,5.0990195135927845,14,0,3,1,3,4,14,0,3
2025-11-05 14:51:56.396,0.0,4.0,4.0,5.656854249492381,17,0,3,0,4,4,17,0,3
2025-11-05 14:51:56.539,1.0,4.0,5.0,6.48074069840786,15,0,3,1,4,5,15,0,3
2025-11-05 14:51:56.604,0.0,3.0,4.0,5.0,15,0,3,0,3,4,15,0,3
2025-11-05 14:51:56.728,1.0,4.0,4.0,5.744562646538029,15,0,3,1,4,4,15,0,3
2025-11-05 14:51:56.815,0.0,4.0,4.0,5.656854249492381,17,0,3,0,4,4,17,0,3
2025-11-05 14:51:56.937,1.0,3.0,4.0,5.0990195135927845,15,0,3,1,3,4,15,0,3
2025-11-05 14:51:56.994,1.0,3.0,4.0,5.0990195135927845,17,0,3,1,3,4,17,0,3
2025-11-05 14:51:57.115,0.0,3.0,4.0,5.0,17,0,3,0,3,4,17,0,3
2025-11-05 14:51:57.205,0.0,3.0,4.0,5.0,13,0,3,0,3,4,13,0,3
2025-11-05 14:51:57.327,0.0,4.0,4.0,5.656854249492381,17,0,3,0,4,4,17,0,3
2025-11-05 14:51:57.484,1.0,3.0,4.0,5.0990195135927845,16,0,3,1,3,4,16,0,3
2025-11-05 14:51:57.537,0.0,4.0,4.0,5.656854249492381,16,0,3,0,4,4,16,0,3
2025-11-05 14:51:57.625,1.0,4.0,4.0,5.744562646538029,15,0,3,1,4,4,15,0,3
2025-11-05 14:51:57.745,1.0,4.0,4.0,5.744562646538029,17,0,3,1,4,4,17,0,3
2025-11-05 14:51:57.861,0.0,3.0,4.0,5.0,16,0,3,0,3,4,16,0,3
2025-11-05 14:51:57.927,1.0,3.0,4.0,5.0990195135927845,13,0,2,1,3,4,13,0,2
2025-11-05 14:51:58.015,1.0,4.0,5.0,6.48074069840786,17,0,3,1,4,5,17,0,3
2025-11-05 14:51:58.135,0.0,4.0,4.0,5.656854249492381,16,0,3,0,4,4,16,0,3
2025-11-05 14:51:58.241,1.0,4.0,4.0,5.744562646538029,17,0,3,1,4,4,17,0,3
2025-11-05 14:51:58.345,1.0,3.0,4.0,5.0990195135927845,18,0,3,1,3,4,18,0,3
2025-11-05 14:51:58.405,0.0,3.0,4.0,5.0,15,0,3,0,3,4,15,0,3
2025-11-05 14:51:58.527,1.0,3.0,4.0,5.0990195135927845,14,0,3,1,3,4,14,0,3
2025-11-05 14:51:58.621,0.0,4.0,3.0,5.0,17,0,3,0,4,3,17,0,3
2025-11-05 14:51:58.734,1.0,3.0,5.0,5.916079783099616,16,0,3,1,3,5,16,0,3
2025-11-05 14:51:58.829,0.0,3.0,4.0,5.0,17,0,3,0,3,4,17,0,3
2025-11-05 14:51:59.006,1.0,3.0,4.0,5.0990195135927845,16,0,3,1,3,4,16,0,3
2025-11-05 14:51:59.034,0.0,4.0,3.0,5.0,16,0,3,0,4,3,16,0,3
2025-11-05 14:51:59.155,1.0,3.0,4.0,5.0990195135927845,14,0,3,1,3,4,14,0,3
2025-11-05 14:51:59.222,1.0,3.0,4.0,5.0990195135927845,15,0,3,1,3,4,15,0,3
2025-11-05 14:51:59.424,0.0,3.0,4.0,5.0,16,0,3,0,3,4,16,0,3
2025-11-05 14:51:59.428,1.0,3.0,4.0,5.0990195135927845,17,0,3,1,3,4,17,0,3
2025-11-05 14:51:59.545,0.0,4.0,4.0,5.656854249492381,17,0,3,0,4,4,17,0,3
2025-11-05 14:51:59.636,2.0,4.0,4.0,6.0,18,0,3,2,4,4,18,0,3
2025-11-05 14:51:59.813,0.0,4.0,3.0,5.0,17,0,2,0,4,3,17,0,2
2025-11-05 14:51:59.815,1.0,4.0,4.0,5.744562646538029,17,0,3,1,4,4,17,0,3
2025-11-05 14:51:59.934,0.0,3.0,4.0,5.0,14,0,3,0,3,4,14,0,3
2025-11-05 14:52:00.026,1.0,4.0,4.0,5.744562646538029,17,0,3,1,4,4,17,0,3
2025-11-05 14:52:00.203,1.0,5.0,5.0,7.14142842854285,15,0,3,1,5,5,15,0,3
2025-11-05 14:52:00.235,1.0,4.0,4.0,5.744562646538029,17,0,3,1,4,4,17,0,3
2025-11-05 14:52:00.355,1.0,3.0,4.0,5.0990195135927845,16,0,3,1,3,4,16,0,3
2025-11-05 14:52:00.445,0.0,3.0,4.0,5.0,16,0,3,0,3,4,16,0,3
2025-11-05 14:52:00.591,1.0,4.0,5.0,6.48074069840786,17,0,3,1,4,5,17,0,3
2025-11-05 14:52:00.627,1.0,4.0,4.0,5.744562646538029,17,0,3,1,4,4,17,0,3
2025-11-05 14:52:00.745,1.0,3.0,5.0,5.916079783099616,17,0,3,1,3,5,17,0,3
2025-11-05 14:52:00.835,1.0,3.0,4.0,5.0990195135927845,16,0,3,1,3,4,16,0,3
2025-11-05 14:52:00.978,0.0,4.0,4.0,5.656854249492381,14,0,3,0,4,4,14,0,3
2025-11-05 14:52:01.045,1.0,4.0,4.0,5.744562646538029,18,0,3,1,4,4,18,0,3
2025-11-05 14:52:01.172,0.0,4.0,5.0,6.4031242374328485,14,0,3,0,4,5,14,0,3
2025-11-05 14:52:01.226,1.0,3.0,4.0,5.0990195135927845,15,0,3,1,3,4,15,0,3
2025-11-05 14:52:01.367,0.0,4.0,5.0,6.4031242374328485,17,0,3,0,4,5,17,0,3
2025-11-05 14:52:01.434,1.0,4.0,5.0,6.48074069840786,16,0,3,1,4,5,16,0,3
2025-11-05 14:52:01.556,0.0,3.0,4.0,5.0,16,0,3,0,3,4,16,0,3
2025-11-05 14:52:01.682,1.0,4.0,3.0,5.0990195135927845,15,0,2,1,4,3,15,0,2
2025-11-05 14:52:01.789,1.0,3.0,4.0,5.0990195135927845,17,0,3,1,3,4,17,0,3
2025-11-05 14:52:01.855,1.0,4.0,4.0,5.744562646538029,17,0,3,1,4,4,17,0,3
2025-11-05 14:52:01.982,1.0,4.0,4.0,5.744562646538029,18,0,3,1,4,4,18,0,3
2025-11-05 14:52:02.035,1.0,4.0,5.0,6.48074069840786,17,0,3,1,4,5,17,0,3
2025-11-05 14:52:02.176,1.0,4.0,4.0,5.744562646538029,14,0,3,1,4,4,14,0,3
2025-11-05 14:52:02.245,0.0,4.0,4.0,5.656854249492381,16,0,3,0,4,4,16,0,3
2025-11-05 14:52:02.369,1.0,3.0,4.0,5.0990195135927845,19,0,3,1,3,4,19,0,3
2025-11-05 14:52:02.455,0.0,3.0,4.0,5.0,14,0,3,0,3,4,14,0,3
2025-11-05 14:52:02.575,1.0,3.0,4.0,5.0990195135927845,14,0,3,1,3,4,14,0,3
2025-11-05 14:52:02.636,0.0,4.0,4.0,5.656854249492381,18,0,3,0,4,4,18,0,3
2025-11-05 14:52:02.759,1.0,4.0,4.0,5.744562646538029,15,0,3,1,4,4,15,0,3
2025-11-05 14:52:02.846,1.0,3.0,4.0,5.0990195135927845,16,0,3,1,3,4,16,0,3
2025-11-05 14:52:02.966,1.0,3.0,4.0,5.0990195135927845,15,0,3,1,3,4,15,0,3
2025-11-05 14:52:03.055,1.0,3.0,4.0,5.0990195135927845,17,0,3,1,3,4,17,0,3
2025-11-05 14:52:03.176,1.0,3.0,3.0,4.358898943540674,16,0,3,1,3,3,16,0,3
2025-11-05 14:52:03.343,1.0,4.0,4.0,5.744562646538029,14,0,3,1,4,4,14,0,3
2025-11-05 14:52:03.385,0.0,4.0,4.0,5.656854249492381,16,0,3,0,4,4,16,0,3
2025-11-05 14:52:03.445,1.0,4.0,4.0,5.744562646538029,17,0,3,1,4,4,17,0,3
2025-11-05 14:52:03.567,0.0,4.0,4.0,5.656854249492381,17,0,3,0,4,4,17,0,3
2025-11-05 14:52:03.729,1.0,4.0,4.0,5.744562646538029,15,0,3,1,4,4,15,0,3
2025-11-05 14:52:03.775,1.0,3.0,4.0,5.0990195135927845,16,0,3,1,3,4,16,0,3
2025-11-05 14:52:03.865,1.0,4.0,3.0,5.0990195135927845,15,0,2,1,4,3,15,0,2
2025-11-05 14:52:03.985,1.0,4.0,4.0,5.744562646538029,15,0,3,1,4,4,15,0,3
2025-11-05 14:52:04.117,1.0,4.0,4.0,5.744562646538029,17,0,3,1,4,4,17,0,3
2025-11-05 14:52:04.167,1.0,3.0,4.0,5.0990195135927845,16,0,3,1,3,4,16,0,3
2025-11-05 14:52:04.255,1.0,4.0,4.0,5.744562646538029,19,0,3,1,4,4,19,0,3
2025-11-05 14:52:04.376,1.0,3.0,5.0,5.916079783099616,15,0,3,1,3,5,15,0,3
2025-11-05 14:52:04.539,2.0,5.0,4.0,6.708203932499369,12,0,4,2,5,4,12,0,4
2025-11-05 14:52:04.585,0.0,5.0,4.0,6.4031242374328485,16,0,3,0,5,4,16,0,3
2025-11-05 14:52:04.674,0.0,5.0,4.0,6.4031242374328485,14,0,3,0,5,4,14,0,3
2025-11-05 14:52:04.795,1.0,5.0,4.0,6.48074069840786,16,0,3,1,5,4,16,0,3
2025-11-05 14:52:04.928,1.0,3.0,3.0,4.358898943540674,16,0,3,1,3,3,16,0,3
2025-11-05 14:52:04.975,1.0,4.0,4.0,5.744562646538029,17,0,3,1,4,4,17,0,3
2025-11-05 14:52:05.065,1.0,3.0,4.0,5.0990195135927845,15,0,3,1,3,4,15,0,3
2025-11-05 14:52:05.185,0.0,3.0,5.0,5.830951894845301,16,0,3,0,3,5,16,0,3
2025-11-05 14:52:05.316,1.0,4.0,4.0,5.744562646538029,16,0,3,1,4,4,16,0,3
2025-11-05 14:52:05.397,1.0,4.0,5.0,6.48074069840786,15,0,3,1,4,5,15,0,3
2025-11-05 14:52:05.455,1.0,4.0,5.0,6.48074069840786,17,0,3,1,4,5,17,0,3
2025-11-05 14:52:05.575,1.0,3.0,5.0,5.916079783099616,18,0,3,1,3,5,18,0,3
2025-11-05 14:52:05.706,1.0,3.0,4.0,5.0990195135927845,16,0,3,1,3,4,16,0,3
2025-11-05 14:52:05.785,1.0,3.0,4.0,5.0990195135927845,13,0,2,1,3,4,13,0,2
2025-11-05 14:52:05.881,1.0,4.0,4.0,5.744562646538029,18,0,3,1,4,4,18,0,3
2025-11-05 14:52:06.001,1.0,4.0,4.0,5.744562646538029,17,0,3,1,4,4,17,0,3
2025-11-05 14:52:06.097,1.0,3.0,5.0,5.916079783099616,14,0,3,1,3,5,14,0,3
2025-11-05 14:52:06.205,1.0,4.0,4.0,5.744562646538029,17,0,3,1,4,4,17,0,3
2025-11-05 14:52:06.265,1.0,4.0,4.0,5.744562646538029,15,0,3,1,4,4,15,0,3
2025-11-05 14:52:06.384,1.0,3.0,3.0,4.358898943540674,14,0,3,1,3,3,14,0,3
2025-11-05 14:52:06.489,1.0,3.0,4.0,5.0990195135927845,14,0,3,1,3,4,14,0,3
2025-11-05 14:52:06.594,1.0,3.0,4.0,5.0990195135927845,15,0,3,1,3,4,15,0,3
2025-11-05 14:52:06.686,1.0,3.0,4.0,5.0990195135927845,14,0,3,1,3,4,14,0,3
2025-11-05 14:52:06.882,0.0,4.0,4.0,5.656854249492381,17,0,3,0,4,4,17,0,3
2025-11-05 14:52:06.894,1.0,4.0,4.0,5.744562646538029,16,0,3,1,4,4,16,0,3
2025-11-05 14:52:06.985,1.0,3.0,5.0,5.916079783099616,17,0,3,1,3,5,17,0,3
2025-11-05 14:52:07.102,3.0,3.0,4.0,5.830951894845301,13,0,3,3,3,4,13,0,3
2025-11-05 14:52:07.198,1.0,4.0,4.0,5.744562646538029,16,0,3,1,4,4,16,0,3
2025-11-05 14:52:07.306,1.0,4.0,4.0,5.744562646538029,16,0,3,1,4,4,16,0,3
2025-11-05 14:52:07.405,1.0,4.0,5.0,6.48074069840786,16,0,3,1,4,5,16,0,3
2025-11-05 14:52:07.500,1.0,4.0,4.0,5.744562646538029,15,0,3,1,4,4,15,0,3
2025-11-05 14:52:07.700,1.0,3.0,5.0,5.916079783099616,15,0,3,1,3,5,15,0,3
2025-11-05 14:52:07.700,1.0,4.0,4.0,5.744562646538029,18,0,3,1,4,4,18,0,3
2025-11-05 14:52:07.797,1.0,4.0,4.0,5.744562646538029,15,0,3,1,4,4,15,0,3
2025-11-05 14:52:07.889,1.0,3.0,4.0,5.0990195135927845,16,0,3,1,3,4,16,0,3
2025-11-05 14:52:08.089,1.0,3.0,5.0,5.916079783099616,16,0,3,1,3,5,16,0,3
2025-11-05 14:52:08.097,1.0,3.0,4.0,5.0990195135927845,15,0,3,1,3,4,15,0,3
2025-11-05 14:52:08.215,1.0,4.0,4.0,5.744562646538029,17,0,3,1,4,4,17,0,3
2025-11-05 14:52:08.275,1.0,3.0,4.0,5.0990195135927845,17,0,3,1,3,4,17,0,3
2025-11-05 14:52:08.482,0.0,4.0,4.0,5.656854249492381,15,0,3,0,4,4,15,0,3
2025-11-05 14:52:08.485,1.0,3.0,5.0,5.916079783099616,17,0,3,1,3,5,17,0,3
2025-11-05 14:52:08.604,1.0,3.0,5.0,5.916079783099616,15,0,3,1,3,5,15,0,3
2025-11-05 14:52:08.697,1.0,3.0,4.0,5.0990195135927845,16,0,3,1,3,4,16,0,3
2025-11-05 14:52:08.876,1.0,4.0,4.0,5.744562646538029,16,0,3,1,4,4,16,0,3
2025-11-05 14:52:08.905,1.0,3.0,4.0,5.0990195135927845,17,0,3,1,3,4,17,0,3
2025-11-05 14:52:09.025,1.0,4.0,4.0,5.744562646538029,17,0,4,1,4,4,17,0,4
2025-11-05 14:52:09.087,1.0,3.0,4.0,5.0990195135927845,16,0,3,1,3,4,16,0,3
2025-11-05 14:52:09.269,1.0,3.0,4.0,5.0990195135927845,17,0,3,1,3,4,17,0,3
2025-11-05 14:52:09.297,0.0,3.0,4.0,5.0,16,0,3,0,3,4,16,0,3
2025-11-05 14:52:09.415,1.0,3.0,4.0,5.0990195135927845,17,0,3,1,3,4,17,0,3
2025-11-05 14:52:09.506,1.0,4.0,4.0,5.744562646538029,16,0,3,1,4,4,16,0,3
2025-11-05 14:52:09.659,1.0,3.0,4.0,5.0990195135927845,15,0,3,1,3,4,15,0,3
2025-11-05 14:52:09.684,1.0,4.0,3.0,5.0990195135927845,15,0,2,1,4,3,15,0,2
2025-11-05 14:52:09.805,1.0,3.0,4.0,5.0990195135927845,13,0,3,1,3,4,13,0,3
2025-11-05 14:52:09.899,1.0,4.0,4.0,5.744562646538029,15,0,3,1,4,4,15,0,3
2025-11-05 14:52:10.086,1.0,4.0,4.0,5.744562646538029,16,0,3,1,4,4,16,0,3
2025-11-05 14:52:10.105,1.0,4.0,4.0,5.744562646538029,17,0,4,1,4,4,17,0,4
2025-11-05 14:52:10.225,1.0,4.0,4.0,5.744562646538029,16,0,3,1,4,4,16,0,3
2025-11-05 14:52:10.315,1.0,3.0,4.0,5.0990195135927845,17,0,3,1,3,4,17,0,3
2025-11-05 14:52:10.475,0.0,3.0,4.0,5.0,16,0,3,0,3,4,16,0,3
2025-11-05 14:52:10.508,1.0,4.0,4.0,5.744562646538029,16,0,3,1,4,4,16,0,3
2025-11-05 14:52:10.615,0.0,4.0,4.0,5.656854249492381,16,0,3,0,4,4,16,0,3
2025-11-05 14:52:10.705,1.0,3.0,4.0,5.0990195135927845,15,0,3,1,3,4,15,0,3
2025-11-05 14:52:10.870,1.0,3.0,4.0,5.0990195135927845,13,0,3,1,3,4,13,0,3
2025-11-05 14:52:10.915,1.0,3.0,4.0,5.0990195135927845,16,0,3,1,3,4,16,0,3
2025-11-05 14:52:11.035,1.0,3.0,3.0,4.358898943540674,16,0,3,1,3,3,16,0,3
2025-11-05 14:52:11.098,1.0,3.0,4.0,5.0990195135927845,15,0,2,1,3,4,15,0,2
2025-11-05 14:52:11.269,1.0,4.0,4.0,5.744562646538029,16,0,3,1,4,4,16,0,3
2025-11-05 14:52:11.306,1.0,4.0,5.0,6.48074069840786,19,0,3,1,4,5,19,0,3
2025-11-05 14:52:11.427,1.0,3.0,4.0,5.0990195135927845,15,0,3,1,3,4,15,0,3
2025-11-05 14:52:11.515,0.0,3.0,4.0,5.0,15,0,3,0,3,4,15,0,3
2025-11-05 14:52:11.665,1.0,3.0,4.0,5.0990195135927845,16,0,3,1,3,4,16,0,3
2025-11-05 14:52:11.728,0.0,3.0,4.0,5.0,12,0,2,0,3,4,12,0,2
2025-11-05 14:52:11.846,1.0,3.0,3.0,4.358898943540674,15,0,3,1,3,3,15,0,3
2025-11-05 14:52:11.905,1.0,4.0,4.0,5.744562646538029,19,0,3,1,4,4,19,0,3
2025-11-05 14:52:12.065,0.0,4.0,4.0,5.656854249492381,16,0,3,0,4,4,16,0,3
2025-11-05 14:52:12.115,1.0,4.0,4.0,5.744562646538029,15,0,3,1,4,4,15,0,3
2025-11-05 14:52:12.235,0.0,3.0,3.0,4.242640687119285,14,0,3,0,3,3,14,0,3
2025-11-05 14:52:12.327,1.0,3.0,4.0,5.0990195135927845,17,0,3,1,3,4,17,0,3
2025-11-05 14:52:12.461,0.0,4.0,4.0,5.656854249492381,14,0,3,0,4,4,14,0,3
2025-11-05 14:52:12.506,1.0,4.0,5.0,6.48074069840786,16,0,3,1,4,5,16,0,3
2025-11-05 14:52:12.628,1.0,4.0,4.0,5.744562646538029,17,0,3,1,4,4,17,0,3
2025-11-05 14:52:12.716,1.0,3.0,3.0,4.358898943540674,17,0,3,1,3,3,17,0,3
2025-11-05 14:52:12.895,1.0,3.0,4.0,5.0990195135927845,14,0,3,1,3,4,14,0,3
2025-11-05 14:52:12.927,0.0,4.0,4.0,5.656854249492381,16,0,3,0,4,4,16,0,3
2025-11-05 14:52:13.045,1.0,3.0,4.0,5.0990195135927845,14,0,3,1,3,4,14,0,3
2025-11-05 14:52:13.135,0.0,3.0,3.0,4.242640687119285,17,0,3,0,3,3,17,0,3
2025-11-05 14:52:13.292,1.0,4.0,4.0,5.744562646538029,15,0,3,1,4,4,15,0,3
2025-11-05 14:52:13.315,1.0,4.0,4.0,5.744562646538029,17,0,3,1,4,4,17,0,3
2025-11-05 14:52:13.435,1.0,3.0,4.0,5.0990195135927845,15,0,3,1,3,4,15,0,3
2025-11-05 14:52:13.527,1.0,4.0,4.0,5.744562646538029,16,0,3,1,4,4,16,0,3
2025-11-05 14:52:13.690,1.0,5.0,4.0,6.48074069840786,19,0,3,1,5,4,19,0,3
2025-11-05 14:52:13.735,1.0,3.0,4.0,5.0990195135927845,14,0,3,1,3,4,14,0,3
2025-11-05 14:52:13.855,0.0,4.0,4.0,5.656854249492381,18,0,3,0,4,4,18,0,3
2025-11-05 14:52:13.917,1.0,3.0,4.0,5.0990195135927845,16,0,3,1,3,4,16,0,3
2025-11-05 14:52:14.089,0.0,4.0,4.0,5.656854249492381,18,0,3,0,4,4,18,0,3
2025-11-05 14:52:14.127,1.0,3.0,4.0,5.0990195135927845,16,0,3,1,3,4,16,0,3
2025-11-05 14:52:14.245,0.0,4.0,4.0,5.656854249492381,19,0,3,0,4,4,19,0,3
2025-11-05 14:52:14.334,1.0,3.0,3.0,4.358898943540674,14,0,3,1,3,3,14,0,3
2025-11-05 14:52:14.487,0.0,3.0,4.0,5.0,17,0,3,0,3,4,17,0,3
2025-11-05 14:52:14.544,1.0,3.0,4.0,5.0990195135927845,15,0,3,1,3,4,15,0,3
2025-11-05 14:52:14.668,1.0,3.0,4.0,5.0990195135927845,17,0,3,1,3,4,17,0,3
2025-11-05 14:52:14.725,1.0,3.0,4.0,5.0990195135927845,17,0,3,1,3,4,17,0,3
2025-11-05 14:52:14.885,1.0,4.0,4.0,5.744562646538029,17,0,3,1,4,4,17,0,3
2025-11-05 14:52:14.935,1.0,3.0,4.0,5.0990195135927845,14,0,3,1,3,4,14,0,3
2025-11-05 14:52:15.054,1.0,3.0,4.0,5.0990195135927845,16,0,3,1,3,4,16,0,3
2025-11-05 14:52:15.144,1.0,4.0,5.0,6.48074069840786,17,0,3,1,4,5,17,0,3
2025-11-05 14:52:15.319,1.0,4.0,4.0,5.744562646538029,15,0,3,1,4,4,15,0,3
2025-11-05 14:52:15.328,1.0,3.0,5.0,5.916079783099616,17,0,3,1,3,5,17,0,3
2025-11-05 14:52:15.445,1.0,3.0,4.0,5.0990195135927845,17,0,3,1,3,4,17,0,3
2025-11-05 14:52:15.535,0.0,4.0,4.0,5.656854249492381,16,0,2,0,4,4,16,0,2
2025-11-05 14:52:15.717,1.0,3.0,4.0,5.0990195135927845,16,0,3,1,3,4,16,0,3
2025-11-05 14:52:15.745,0.0,3.0,4.0,5.0,17,0,3,0,3,4,17,0,3
2025-11-05 14:52:15.868,1.0,3.0,4.0,5.0990195135927845,18,0,3,1,3,4,18,0,3
2025-11-05 14:52:15.955,1.0,4.0,5.0,6.48074069840786,17,0,3,1,4,5,17,0,3
2025-11-05 14:52:16.114,1.0,3.0,4.0,5.0990195135927845,16,0,3,1,3,4,16,0,3
2025-11-05 14:52:16.135,1.0,4.0,4.0,5.744562646538029,15,0,3,1,4,4,15,0,3
2025-11-05 14:52:16.255,1.0,4.0,3.0,5.0990195135927845,16,0,3,1,4,3,16,0,3
2025-11-05 14:52:16.345,1.0,3.0,4.0,5.0990195135927845,15,0,3,1,3,4,15,0,3
2025-11-05 14:52:16.511,1.0,3.0,4.0,5.0990195135927845,17,0,3,1,3,4,17,0,3
2025-11-05 14:52:16.555,1.0,3.0,4.0,5.0990195135927845,17,0,3,1,3,4,17,0,3
2025-11-05 14:52:16.675,1.0,3.0,4.0,5.0990195135927845,15,0,3,1,3,4,15,0,3
2025-11-05 14:52:16.735,1.0,3.0,4.0,5.0990195135927845,17,0,3,1,3,4,17,0,3
2025-11-05 14:52:16.914,1.0,4.0,4.0,5.744562646538029,15,0,3,1,4,4,15,0,3
2025-11-05 14:52:16.944,1.0,3.0,5.0,5.916079783099616,16,0,3,1,3,5,16,0,3
2025-11-05 14:52:17.068,0.0,3.0,4.0,5.0,13,0,3,0,3,4,13,0,3
2025-11-05 14:52:17.155,1.0,4.0,5.0,6.48074069840786,18,0,4,1,4,5,18,0,4
2025-11-05 14:52:17.309,0.0,4.0,5.0,6.4031242374328485,19,0,3,0,4,5,19,0,3
2025-11-05 14:52:17.335,1.0,3.0,5.0,5.916079783099616,16,0,3,1,3,5,16,0,3
2025-11-05 14:52:17.486,0.0,4.0,4.0,5.656854249492381,17,0,3,0,4,4,17,0,3
2025-11-05 14:52:17.544,1.0,3.0,5.0,5.916079783099616,17,0,3,1,3,5,17,0,3
2025-11-05 14:52:17.706,0.0,4.0,3.0,5.0,17,0,3,0,4,3,17,0,3
2025-11-05 14:52:17.755,1.0,3.0,4.0,5.0990195135927845,14,0,2,1,3,4,14,0,2
2025-11-05 14:52:17.875,0.0,4.0,3.0,5.0,14,0,3,0,4,3,14,0,3
2025-11-05 14:52:17.980,1.0,4.0,4.0,5.744562646538029,15,0,3,1,4,4,15,0,3
2025-11-05 14:52:18.152,0.0,3.0,4.0,5.0,16,0,3,0,3,4,16,0,3
2025-11-05 14:52:18.153,1.0,4.0,4.0,5.744562646538029,17,0,3,1,4,4,17,0,3
2025-11-05 14:52:18.265,0.0,4.0,4.0,5.656854249492381,14,0,3,0,4,4,14,0,3
2025-11-05 14:52:18.356,1.0,3.0,4.0,5.0990195135927845,15,0,3,1,3,4,15,0,3
2025-11-05 14:52:18.561,1.0,3.0,4.0,5.0990195135927845,16,0,3,1,3,4,16,0,3
2025-11-05 14:52:18.565,1.0,4.0,5.0,6.48074069840786,18,0,3,1,4,5,18,0,3
2025-11-05 14:52:18.685,1.0,4.0,4.0,5.744562646538029,17,0,4,1,4,4,17,0,4
2025-11-05 14:52:18.756,1.0,4.0,4.0,5.744562646538029,18,0,3,1,4,4,18,0,3
2025-11-05 14:52:18.965,1.0,3.0,4.0,5.0990195135927845,17,0,3,1,3,4,17,0,3
2025-11-05 14:52:18.965,1.0,4.0,4.0,5.744562646538029,16,0,3,1,4,4,16,0,3
2025-11-05 14:52:19.075,0.0,4.0,4.0,5.656854249492381,14,0,3,0,4,4,14,0,3
2025-11-05 14:52:19.166,1.0,3.0,4.0,5.0990195135927845,16,0,3,1,3,4,16,0,3
2025-11-05 14:52:19.361,1.0,3.0,4.0,5.0990195135927845,17,0,3,1,3,4,17,0,3
2025-11-05 14:52:19.374,0.0,4.0,4.0,5.656854249492381,17,0,3,0,4,4,17,0,3
2025-11-05 14:52:19.496,1.0,3.0,5.0,5.916079783099616,15,0,3,1,3,5,15,0,3
2025-11-05 14:52:19.555,0.0,4.0,3.0,5.0,15,0,3,0,4,3,15,0,3
2025-11-05 14:52:19.765,1.0,3.0,4.0,5.0990195135927845,16,0,3,1,3,4,16,0,3
2025-11-05 14:52:19.767,1.0,3.0,5.0,5.916079783099616,15,0,3,1,3,5,15,0,3
2025-11-05 14:52:19.885,1.0,4.0,5.0,6.48074069840786,17,0,3,1,4,5,17,0,3
2025-11-05 14:52:19.976,0.0,3.0,4.0,5.0,18,0,3,0,3,4,18,0,3
2025-11-05 14:52:20.162,1.0,3.0,4.0,5.0990195135927845,15,0,3,1,3,4,15,0,3
2025-11-05 14:52:20.162,1.0,4.0,4.0,5.744562646538029,14,0,3,1,4,4,14,0,3
2025-11-05 14:52:20.304,1.0,4.0,4.0,5.744562646538029,16,0,3,1,4,4,16,0,3
2025-11-05 14:52:20.365,1.0,3.0,4.0,5.0990195135927845,16,0,3,1,3,4,16,0,3
2025-11-05 14:52:20.566,1.0,4.0,5.0,6.48074069840786,16,0,3,1,4,5,16,0,3
2025-11-05 14:52:20.575,1.0,4.0,4.0,5.744562646538029,16,0,3,1,4,4,16,0,3
2025-11-05 14:52:20.703,1.0,3.0,5.0,5.916079783099616,16,0,3,1,3,5,16,0,3
2025-11-05 14:52:20.823,1.0,3.0,4.0,5.0990195135927845,16,0,3,1,3,4,16,0,3
2025-11-05 14:52:20.904,1.0,3.0,3.0,4.358898943540674,17,0,3,1,3,3,17,0,3
2025-11-05 14:52:20.994,1.0,3.0,4.0,5.0990195135927845,15,0,3,1,3,4,15,0,3
2025-11-05 14:52:21.115,1.0,4.0,4.0,5.744562646538029,16,0,3,1,4,4,16,0,3
2025-11-05 14:52:21.176,1.0,3.0,4.0,5.0990195135927845,18,0,3,1,3,4,18,0,3
2025-11-05 14:52:21.296,1.0,3.0,4.0,5.0990195135927845,17,0,3,1,3,4,17,0,3
2025-11-05 14:52:21.387,1.0,3.0,5.0,5.916079783099616,17,0,3,1,3,5,17,0,3
2025-11-05 14:52:21.536,0.0,4.0,4.0,5.656854249492381,16,0,3,0,4,4,16,0,3
2025-11-05 14:52:21.564,0.0,4.0,4.0,5.656854249492381,14,0,3,0,4,4,14,0,3
2025-11-05 14:52:21.720,0.0,3.0,4.0,5.0,17,0,3,0,3,4,17,0,3
2025-11-05 14:52:21.774,1.0,3.0,4.0,5.0990195135927845,16,0,3,1,3,4,16,0,3
2025-11-05 14:52:21.953,1.0,5.0,4.0,6.48074069840786,18,0,2,1,5,4,18,0,2
2025-11-05 14:52:21.984,1.0,3.0,5.0,5.916079783099616,16,0,4,1,3,5,16,0,4
2025-11-05 14:52:22.104,1.0,3.0,4.0,5.0990195135927845,14,0,3,1,3,4,14,0,3
2025-11-05 14:52:22.226,1.0,3.0,4.0,5.0990195135927845,16,0,3,1,3,4,16,0,3
2025-11-05 14:52:22.369,1.0,3.0,4.0,5.0990195135927845,14,0,3,1,3,4,14,0,3
2025-11-05 14:52:22.375,1.0,3.0,4.0,5.0990195135927845,17,0,3,1,3,4,17,0,3
2025-11-05 14:52:22.496,1.0,3.0,5.0,5.916079783099616,16,0,4,1,3,5,16,0,4
2025-11-05 14:52:22.584,1.0,3.0,4.0,5.0990195135927845,17,0,3,1,3,4,17,0,3
2025-11-05 14:52:22.785,1.0,3.0,4.0,5.0990195135927845,16,0,3,1,3,4,16,0,3
2025-11-05 14:52:22.798,0.0,4.0,4.0,5.656854249492381,15,0,3,0,4,4,15,0,3
2025-11-05 14:52:22.915,1.0,4.0,4.0,5.744562646538029,15,0,2,1,4,4,15,0,2
2025-11-05 14:52:22.978,1.0,3.0,3.0,4.358898943540674,16,0,3,1,3,3,16,0,3
2025-11-05 14:52:23.098,1.0,3.0,4.0,5.0990195135927845,16,0,3,1,3,4,16,0,3
2025-11-05 14:52:23.192,1.0,4.0,4.0,5.744562646538029,16,0,3,1,4,4,16,0,3
2025-11-05 14:52:23.305,1.0,3.0,4.0,5.0990195135927845,15,0,3,1,3,4,15,0,3
2025-11-05 14:52:23.398,0.0,4.0,4.0,5.656854249492381,18,0,3,0,4,4,18,0,3
2025-11-05 14:52:23.542,1.0,3.0,4.0,5.0990195135927845,15,0,3,1,3,4,15,0,3
2025-11-05 14:52:23.646,1.0,4.0,4.0,5.744562646538029,16,0,3,1,4,4,16,0,3
2025-11-05 14:52:23.726,1.0,3.0,4.0,5.0990195135927845,16,0,3,1,3,4,16,0,3
2025-11-05 14:52:23.785,0.0,4.0,4.0,5.656854249492381,18,0,3,0,4,4,18,0,3
2025-11-05 14:52:23.905,1.0,4.0,5.0,6.48074069840786,17,0,3,1,4,5,17,0,3
2025-11-05 14:52:24.046,0.0,4.0,4.0,5.656854249492381,16,0,3,0,4,4,16,0,3
2025-11-05 14:52:24.115,1.0,4.0,4.0,5.744562646538029,16,0,3,1,4,4,16,0,3
2025-11-05 14:52:24.204,1.0,3.0,4.0,5.0990195135927845,16,0,3,1,3,4,16,0,3
2025-11-05 14:52:24.326,1.0,3.0,4.0,5.0990195135927845,15,0,3,1,3,4,15,0,3
2025-11-05 14:52:24.454,0.0,3.0,5.0,5.830951894845301,16,0,3,0,3,5,16,0,3
2025-11-05 14:52:24.504,1.0,3.0,4.0,5.0990195135927845,15,0,3,1,3,4,15,0,3
2025-11-05 14:52:24.596,0.0,3.0,4.0,5.0,15,0,2,0,3,4,15,0,2
2025-11-05 14:52:24.714,1.0,4.0,4.0,5.744562646538029,15,0,3,1,4,4,15,0,3
2025-11-05 14:52:24.873,1.0,4.0,5.0,6.48074069840786,17,0,3,1,4,5,17,0,3
2025-11-05 14:52:24.928,1.0,3.0,4.0,5.0990195135927845,14,0,3,1,3,4,14,0,3
2025-11-05 14:52:25.015,1.0,4.0,4.0,5.744562646538029,19,0,3,1,4,4,19,0,3
2025-11-05 14:52:25.134,1.0,4.0,3.0,5.0990195135927845,16,0,3,1,4,3,16,0,3
2025-11-05 14:52:25.289,1.0,4.0,5.0,6.48074069840786,17,0,4,1,4,5,17,0,4
2025-11-05 14:52:25.314,0.0,3.0,4.0,5.0,15,0,3,0,3,4,15,0,3
2025-11-05 14:52:25.404,1.0,4.0,4.0,5.744562646538029,17,0,3,1,4,4,17,0,3
2025-11-05 14:52:25.528,1.0,3.0,4.0,5.0990195135927845,13,0,2,1,3,4,13,0,2
2025-11-05 14:52:25.704,0.0,4.0,4.0,5.656854249492381,15,0,3,0,4,4,15,0,3
2025-11-05 14:52:25.734,1.0,4.0,4.0,5.744562646538029,14,0,3,1,4,4,14,0,3
2025-11-05 14:52:25.796,1.0,4.0,4.0,5.744562646538029,15,0,3,1,4,4,15,0,3
2025-11-05 14:52:25.917,1.0,3.0,4.0,5.0990195135927845,16,0,3,1,3,4,16,0,3
2025-11-05 14:52:26.007,1.0,4.0,4.0,5.744562646538029,16,0,2,1,4,4,16,0,2
2025-11-05 14:52:26.124,1.0,3.0,4.0,5.0990195135927845,14,0,3,1,3,4,14,0,3
2025-11-05 14:52:26.214,1.0,4.0,5.0,6.48074069840786,17,0,3,1,4,5,17,0,3
2025-11-05 14:52:26.358,0.0,3.0,4.0,5.0,15,0,3,0,3,4,15,0,3
2025-11-05 14:52:26.425,1.0,3.0,5.0,5.916079783099616,16,0,3,1,3,5,16,0,3
2025-11-05 14:52:26.576,1.0,4.0,4.0,5.744562646538029,16,0,3,1,4,4,16,0,3
2025-11-05 14:52:26.604,1.0,4.0,4.0,5.744562646538029,16,0,3,1,4,4,16,0,3
2025-11-05 14:52:26.724,1.0,3.0,3.0,4.358898943540674,13,0,2,1,3,3,13,0,2
2025-11-05 14:52:26.814,1.0,3.0,5.0,5.916079783099616,17,0,3,1,3,5,17,0,3
2025-11-05 14:52:26.989,1.0,4.0,5.0,6.48074069840786,14,0,3,1,4,5,14,0,3
2025-11-05 14:52:27.028,1.0,6.0,4.0,7.280109889280518,17,0,3,1,6,4,17,0,3
2025-11-05 14:52:27.144,1.0,3.0,3.0,4.358898943540674,13,0,3,1,3,3,13,0,3
2025-11-05 14:52:27.207,1.0,3.0,4.0,5.0990195135927845,16,0,3,1,3,4,16,0,3
2025-11-05 14:52:27.399,1.0,3.0,4.0,5.0990195135927845,15,0,3,1,3,4,15,0,3
2025-11-05 14:52:27.415,2.0,4.0,5.0,6.708203932499369,17,0,3,2,4,5,17,0,3
2025-11-05 14:52:27.535,0.0,4.0,3.0,5.0,14,0,3,0,4,3,14,0,3
2025-11-05 14:52:27.626,0.0,3.0,4.0,5.0,15,0,3,0,3,4,15,0,3
2025-11-05 14:52:27.818,1.0,4.0,4.0,5.744562646538029,15,0,3,1,4,4,15,0,3
2025-11-05 14:52:27.835,1.0,5.0,4.0,6.48074069840786,17,0,3,1,5,4,17,0,3
2025-11-05 14:52:27.954,1.0,3.0,4.0,5.0990195135927845,15,0,3,1,3,4,15,0,3
2025-11-05 14:52:28.017,1.0,4.0,4.0,5.744562646538029,15,0,3,1,4,4,15,0,3
2025-11-05 14:52:28.230,0.0,4.0,4.0,5.656854249492381,15,0,3,0,4,4,15,0,3
2025-11-05 14:52:28.230,1.0,4.0,5.0,6.48074069840786,15,0,3,1,4,5,15,0,3
2025-11-05 14:52:28.344,0.0,3.0,3.0,4.242640687119285,15,0,3,0,3,3,15,0,3
2025-11-05 14:52:28.436,1.0,4.0,5.0,6.48074069840786,17,0,3,1,4,5,17,0,3
2025-11-05 14:52:28.645,1.0,4.0,4.0,5.744562646538029,15,0,3,1,4,4,15,0,3
2025-11-05 14:52:28.645,1.0,3.0,4.0,5.0990195135927845,14,0,3,1,3,4,14,0,3
2025-11-05 14:52:28.736,1.0,3.0,4.0,5.0990195135927845,17,0,3,1,3,4,17,0,3
2025-11-05 14:52:28.827,0.0,4.0,4.0,5.656854249492381,16,0,3,0,4,4,16,0,3
2025-11-05 14:52:28.946,1.0,3.0,5.0,5.916079783099616,17,0,3,1,3,5,17,0,3
2025-11-05 14:52:29.052,0.0,3.0,3.0,4.242640687119285,12,0,2,0,3,3,12,0,2
2025-11-05 14:52:29.155,0.0,4.0,4.0,5.656854249492381,17,0,3,0,4,4,17,0,3
2025-11-05 14:52:29.287,1.0,4.0,4.0,5.744562646538029,16,0,3,1,4,4,16,0,3
2025-11-05 14:52:29.368,1.0,5.0,4.0,6.48074069840786,17,0,3,1,5,4,17,0,3
2025-11-05 14:52:29.512,1.0,5.0,4.0,6.48074069840786,18,0,3,1,5,4,18,0,3
2025-11-05 14:52:29.545,1.0,3.0,4.0,5.0990195135927845,16,0,3,1,3,4,16,0,3
2025-11-05 14:52:29.635,0.0,3.0,4.0,5.0,16,0,2,0,3,4,16,0,2
2025-11-05 14:52:29.755,1.0,3.0,4.0,5.0990195135927845,16,0,3,1,3,4,16,0,3
2025-11-05 14:52:29.921,1.0,4.0,5.0,6.48074069840786,17,0,3,1,4,5,17,0,3
2025-11-05 14:52:29.972,0.0,4.0,5.0,6.4031242374328485,15,0,3,0,4,5,15,0,3
2025-11-05 14:52:30.028,1.0,4.0,4.0,5.744562646538029,17,0,3,1,4,4,17,0,3
2025-11-05 14:52:30.147,1.0,4.0,4.0,5.744562646538029,15,0,3,1,4,4,15,0,3
2025-11-05 14:52:30.324,1.0,4.0,4.0,5.744562646538029,18,0,3,1,4,4,18,0,3
2025-11-05 14:52:30.355,1.0,4.0,4.0,5.744562646538029,17,0,3,1,4,4,17,0,3
2025-11-05 14:52:30.445,1.0,3.0,4.0,5.0990195135927845,16,0,3,1,3,4,16,0,3
2025-11-05 14:52:30.567,1.0,3.0,4.0,5.0990195135927845,14,0,3,1,3,4,14,0,3
2025-11-05 14:52:30.719,1.0,3.0,4.0,5.0990195135927845,17,0,3,1,3,4,17,0,3
2025-11-05 14:52:30.775,1.0,4.0,5.0,6.48074069840786,17,0,3,1,4,5,17,0,3
2025-11-05 14:52:30.836,1.0,3.0,3.0,4.358898943540674,15,0,2,1,3,3,15,0,2
2025-11-05 14:52:30.955,0.0,3.0,4.0,5.0,14,0,3,0,3,4,14,0,3
2025-11-05 14:52:31.121,1.0,4.0,4.0,5.744562646538029,14,0,3,1,4,4,14,0,3
2025-11-05 14:52:31.168,1.0,4.0,4.0,5.744562646538029,15,0,2,1,4,4,15,0,2
2025-11-05 14:52:31.256,1.0,4.0,5.0,6.48074069840786,16,0,3,1,4,5,16,0,3
2025-11-05 14:52:31.375,1.0,4.0,4.0,5.744562646538029,17,0,3,1,4,4,17,0,3
2025-11-05 14:52:31.525,1.0,4.0,4.0,5.744562646538029,16,0,3,1,4,4,16,0,3
2025-11-05 14:52:31.555,1.0,3.0,4.0,5.0990195135927845,16,0,3,1,3,4,16,0,3
2025-11-05 14:52:31.647,1.0,3.0,4.0,5.0990195135927845,15,0,3,1,3,4,15,0,3
2025-11-05 14:52:31.765,1.0,4.0,4.0,5.744562646538029,15,0,3,1,4,4,15,0,3
2025-11-05 14:52:31.928,1.0,3.0,4.0,5.0990195135927845,15,0,3,1,3,4,15,0,3
2025-11-05 14:52:31.978,1.0,3.0,4.0,5.0990195135927845,16,0,3,1,3,4,16,0,3
2025-11-05 14:52:32.068,0.0,4.0,4.0,5.656854249492381,17,0,3,0,4,4,17,0,3
2025-11-05 14:52:32.185,1.0,3.0,4.0,5.0990195135927845,14,0,3,1,3,4,14,0,3
2025-11-05 14:52:32.245,0.0,4.0,4.0,5.656854249492381,15,0,3,0,4,4,15,0,3
2025-11-05 14:52:32.368,1.0,3.0,5.0,5.916079783099616,14,0,3,1,3,5,14,0,3
2025-11-05 14:52:32.455,0.0,4.0,5.0,6.4031242374328485,16,0,3,0,4,5,16,0,3
2025-11-05 14:52:32.576,1.0,4.0,4.0,5.744562646538029,17,0,3,1,4,4,17,0,3
2025-11-05 14:52:32.671,1.0,3.0,4.0,5.0990195135927845,15,0,3,1,3,4,15,0,3
2025-11-05 14:52:32.784,0.0,4.0,4.0,5.656854249492381,15,0,3,0,4,4,15,0,3
2025-11-05 14:52:32.844,1.0,4.0,4.0,5.744562646538029,14,0,3,1,4,4,14,0,3
2025-11-05 14:52:32.967,0.0,3.0,4.0,5.0,14,0,2,0,3,4,14,0,2
2025-11-05 14:52:33.055,1.0,4.0,5.0,6.48074069840786,17,0,3,1,4,5,17,0,3
2025-11-05 14:52:33.178,1.0,3.0,4.0,5.0990195135927845,18,0,3,1,3,4,18,0,3
2025-11-05 14:52:33.268,0.0,4.0,4.0,5.656854249492381,16,0,3,0,4,4,16,0,3
2025-11-05 14:52:33.387,1.0,3.0,4.0,5.0990195135927845,17,0,3,1,3,4,17,0,3
2025-11-05 14:52:33.475,0.0,3.0,4.0,5.0,16,0,2,0,3,4,16,0,2
2025-11-05 14:52:33.599,1.0,3.0,4.0,5.0990195135927845,13,0,3,1,3,4,13,0,3
2025-11-05 14:52:33.655,2.0,4.0,4.0,6.0,18,0,3,2,4,4,18,0,3
2025-11-05 14:52:33.780,1.0,4.0,3.0,5.0990195135927845,17,0,3,1,4,3,17,0,3
2025-11-05 14:52:33.865,2.0,4.0,5.0,6.708203932499369,18,0,3,2,4,5,18,0,3
2025-11-05 14:52:34.014,0.0,3.0,4.0,5.0,16,0,3,0,3,4,16,0,3
2025-11-05 14:52:34.076,1.0,3.0,4.0,5.0990195135927845,15,0,3,1,3,4,15,0,3
2025-11-05 14:52:34.198,0.0,3.0,4.0,5.0,16,0,3,0,3,4,16,0,3
2025-11-05 14:52:34.255,1.0,4.0,4.0,5.744562646538029,17,0,3,1,4,4,17,0,3
2025-11-05 14:52:34.431,0.0,4.0,4.0,5.656854249492381,18,0,2,0,4,4,18,0,2
2025-11-05 14:52:34.465,1.0,3.0,5.0,5.916079783099616,16,0,3,1,3,5,16,0,3
2025-11-05 14:52:34.586,1.0,4.0,4.0,5.744562646538029,18,0,3,1,4,4,18,0,3
2025-11-05 14:52:34.676,1.0,4.0,4.0,5.744562646538029,17,0,3,1,4,4,17,0,3
2025-11-05 14:52:34.852,1.0,4.0,4.0,5.744562646538029,16,0,3,1,4,4,16,0,3
2025-11-05 14:52:34.886,1.0,4.0,4.0,5.744562646538029,16,0,2,1,4,4,16,0,2
2025-11-05 14:52:35.007,1.0,3.0,5.0,5.916079783099616,16,0,3,1,3,5,16,0,3
2025-11-05 14:52:35.087,0.0,4.0,3.0,5.0,18,0,3,0,4,3,18,0,3
2025-11-05 14:52:35.185,1.0,3.0,4.0,5.0990195135927845,16,0,3,1,3,4,16,0,3
2025-11-05 14:52:35.314,1.0,3.0,4.0,5.0990195135927845,16,0,3,1,3,4,16,0,3
2025-11-05 14:52:35.395,1.0,3.0,4.0,5.0990195135927845,16,0,3,1,3,4,16,0,3
2025-11-05 14:52:35.485,1.0,3.0,4.0,5.0990195135927845,15,0,3,1,3,4,15,0,3
2025-11-05 14:52:35.606,1.0,3.0,4.0,5.0990195135927845,15,0,3,1,3,4,15,0,3
2025-11-05 14:52:35.721,1.0,4.0,4.0,5.744562646538029,16,0,3,1,4,4,16,0,3
2025-11-05 14:52:35.785,1.0,4.0,4.0,5.744562646538029,18,0,3,1,4,4,18,0,3
2025-11-05 14:52:35.877,1.0,3.0,4.0,5.0990195135927845,16,0,3,1,3,4,16,0,3
2025-11-05 14:52:35.995,1.0,3.0,5.0,5.916079783099616,16,0,3,1,3,5,16,0,3
2025-11-05 14:52:36.121,1.0,3.0,5.0,5.916079783099616,17,0,3,1,3,5,17,0,3
2025-11-05 14:52:36.207,1.0,3.0,4.0,5.0990195135927845,15,0,3,1,3,4,15,0,3
2025-11-05 14:52:36.301,0.0,3.0,4.0,5.0,14,0,3,0,3,4,14,0,3
2025-11-05 14:52:36.417,1.0,4.0,3.0,5.0990195135927845,15,0,3,1,4,3,15,0,3
2025-11-05 14:52:36.528,0.0,3.0,5.0,5.830951894845301,15,0,3,0,3,5,15,0,3
2025-11-05 14:52:36.596,1.0,4.0,4.0,5.744562646538029,16,0,3,1,4,4,16,0,3
2025-11-05 14:52:36.685,1.0,4.0,4.0,5.744562646538029,16,0,3,1,4,4,16,0,3
2025-11-05 14:52:36.807,1.0,3.0,4.0,5.0990195135927845,15,0,3,1,3,4,15,0,3
2025-11-05 14:52:36.939,0.0,3.0,3.0,4.242640687119285,14,0,2,0,3,3,14,0,2
2025-11-05 14:52:37.015,1.0,3.0,4.0,5.0990195135927845,16,0,3,1,3,4,16,0,3
2025-11-05 14:52:37.076,1.0,4.0,5.0,6.48074069840786,17,0,3,1,4,5,17,0,3
2025-11-05 14:52:37.195,1.0,3.0,5.0,5.916079783099616,16,0,3,1,3,5,16,0,3
2025-11-05 14:52:37.357,1.0,4.0,3.0,5.0990195135927845,16,0,2,1,4,3,16,0,2
2025-11-05 14:52:37.407,1.0,3.0,4.0,5.0990195135927845,15,0,3,1,3,4,15,0,3
2025-11-05 14:52:37.496,0.0,3.0,4.0,5.0,15,0,2,0,3,4,15,0,2
2025-11-05 14:52:37.616,1.0,3.0,3.0,4.358898943540674,15,0,3,1,3,3,15,0,3
2025-11-05 14:52:37.712,1.0,3.0,3.0,4.358898943540674,15,0,3,1,3,3,15,0,3
2025-11-05 14:52:37.825,1.0,4.0,4.0,5.744562646538029,16,0,3,1,4,4,16,0,3
2025-11-05 14:52:37.886,1.0,4.0,4.0,5.744562646538029,17,0,3,1,4,4,17,0,3
2025-11-05 14:52:38.007,0.0,4.0,4.0,5.656854249492381,17,0,3,0,4,4,17,0,3
2025-11-05 14:52:38.095,1.0,4.0,4.0,5.744562646538029,14,0,2,1,4,4,14,0,2
2025-11-05 14:52:38.221,1.0,4.0,3.0,5.0990195135927845,16,0,3,1,4,3,16,0,3
2025-11-05 14:52:38.308,1.0,4.0,4.0,5.744562646538029,14,0,3,1,4,4,14,0,3
2025-11-05 14:52:38.426,1.0,4.0,3.0,5.0990195135927845,16,0,3,1,4,3,16,0,3
2025-11-05 14:52:38.485,1.0,4.0,5.0,6.48074069840786,18,0,4,1,4,5,18,0,4
2025-11-05 14:52:38.627,1.0,3.0,4.0,5.0990195135927845,17,0,3,1,3,4,17,0,3
2025-11-05 14:52:38.694,1.0,3.0,3.0,4.358898943540674,16,0,3,1,3,3,16,0,3
2025-11-05 14:52:38.823,1.0,4.0,4.0,5.744562646538029,16,0,3,1,4,4,16,0,3
2025-11-05 14:52:38.908,0.0,3.0,3.0,4.242640687119285,15,0,3,0,3,3,15,0,3
2025-11-05 14:52:39.032,1.0,4.0,3.0,5.0990195135927845,17,0,3,1,4,3,17,0,3
2025-11-05 14:52:39.115,1.0,3.0,2.0,3.7416573867739413,16,0,2,1,3,2,16,0,2
2025-11-05 14:52:39.248,1.0,3.0,4.0,5.0990195135927845,17,0,3,1,3,4,17,0,3
2025-11-05 14:52:39.295,1.0,4.0,3.0,5.0990195135927845,15,0,2,1,4,3,15,0,2
2025-11-05 14:52:39.449,1.0,4.0,5.0,6.48074069840786,16,0,3,1,4,5,16,0,3
2025-11-05 14:52:39.504,1.0,4.0,4.0,5.744562646538029,17,0,3,1,4,4,17,0,3
2025-11-05 14:52:39.625,0.0,4.0,4.0,5.656854249492381,14,0,3,0,4,4,14,0,3
2025-11-05 14:52:39.715,1.0,3.0,5.0,5.916079783099616,17,0,3,1,3,5,17,0,3
2025-11-05 14:52:39.866,1.0,4.0,4.0,5.744562646538029,18,0,3,1,4,4,18,0,3
2025-11-05 14:52:39.895,1.0,4.0,5.0,6.48074069840786,16,0,3,1,4,5,16,0,3
2025-11-05 14:52:40.016,1.0,4.0,4.0,5.744562646538029,16,0,3,1,4,4,16,0,3
2025-11-05 14:52:40.107,1.0,3.0,4.0,5.0990195135927845,15,0,3,1,3,4,15,0,3
2025-11-05 14:52:40.278,1.0,4.0,4.0,5.744562646538029,17,0,3,1,4,4,17,0,3
2025-11-05 14:52:40.315,1.0,4.0,3.0,5.0990195135927845,14,0,3,1,4,3,14,0,3
2025-11-05 14:52:40.436,1.0,3.0,4.0,5.0990195135927845,17,0,2,1,3,4,17,0,2
2025-11-05 14:52:40.526,1.0,4.0,5.0,6.48074069840786,18,0,4,1,4,5,18,0,4
2025-11-05 14:52:40.740,1.0,4.0,5.0,6.48074069840786,18,0,3,1,4,5,18,0,3
2025-11-05 14:52:40.740,1.0,4.0,6.0,7.280109889280518,17,0,4,1,4,6,17,0,4
2025-11-05 14:52:40.825,1.0,3.0,5.0,5.916079783099616,17,0,3,1,3,5,17,0,3
2025-11-05 14:52:40.915,1.0,3.0,4.0,5.0990195135927845,18,0,2,1,3,4,18,0,2
2025-11-05 14:52:41.042,1.0,3.0,5.0,5.916079783099616,16,0,3,1,3,5,16,0,3
2025-11-05 14:52:41.150,0.0,4.0,3.0,5.0,17,0,2,0,4,3,17,0,2
2025-11-05 14:52:41.245,1.0,4.0,4.0,5.744562646538029,17,0,3,1,4,4,17,0,3
2025-11-05 14:52:41.306,1.0,4.0,4.0,5.744562646538029,17,0,3,1,4,4,17,0,3
2025-11-05 14:52:41.425,1.0,4.0,5.0,6.48074069840786,17,0,3,1,4,5,17,0,3
2025-11-05 14:52:41.564,1.0,4.0,4.0,5.744562646538029,16,0,3,1,4,4,16,0,3
2025-11-05 14:52:41.638,1.0,3.0,4.0,5.0990195135927845,15,0,2,1,3,4,15,0,2
2025-11-05 14:52:41.726,1.0,4.0,4.0,5.744562646538029,16,0,4,1,4,4,16,0,4
2025-11-05 14:52:41.849,1.0,4.0,4.0,5.744562646538029,16,0,3,1,4,4,16,0,3
2025-11-05 14:52:41.976,1.0,3.0,3.0,4.358898943540674,17,0,3,1,3,3,17,0,3
2025-11-05 14:52:42.055,0.0,3.0,4.0,5.0,16,0,3,0,3,4,16,0,3
2025-11-05 14:52:42.115,1.0,3.0,5.0,5.916079783099616,16,0,3,1,3,5,16,0,3
2025-11-05 14:52:42.238,1.0,3.0,4.0,5.0990195135927845,14,0,2,1,3,4,14,0,2
2025-11-05 14:52:42.386,1.0,3.0,3.0,4.358898943540674,14,0,3,1,3,3,14,0,3
2025-11-05 14:52:42.445,1.0,4.0,5.0,6.48074069840786,16,0,3,1,4,5,16,0,3
2025-11-05 14:52:42.538,1.0,3.0,4.0,5.0990195135927845,16,0,2,1,3,4,16,0,2
2025-11-05 14:52:42.656,1.0,5.0,4.0,6.48074069840786,17,0,3,1,5,4,17,0,3
2025-11-05 14:52:42.793,1.0,4.0,4.0,5.744562646538029,18,0,3,1,4,4,18,0,3
2025-11-05 14:52:42.837,1.0,3.0,5.0,5.916079783099616,15,0,3,1,3,5,15,0,3
2025-11-05 14:52:42.926,1.0,3.0,4.0,5.0990195135927845,15,0,3,1,3,4,15,0,3
2025-11-05 14:52:43.046,1.0,4.0,3.0,5.0990195135927845,18,0,3,1,4,3,18,0,3
2025-11-05 14:52:43.196,1.0,4.0,4.0,5.744562646538029,17,0,3,1,4,4,17,0,3
2025-11-05 14:52:43.256,1.0,4.0,4.0,5.744562646538029,19,0,3,1,4,4,19,0,3
2025-11-05 14:52:43.346,0.0,4.0,4.0,5.656854249492381,16,0,3,0,4,4,16,0,3
2025-11-05 14:52:43.465,1.0,4.0,4.0,5.744562646538029,17,0,3,1,4,4,17,0,3
2025-11-05 14:52:43.530,0.0,3.0,4.0,5.0,14,0,3,0,3,4,14,0,3
2025-11-05 14:52:43.646,1.0,3.0,4.0,5.0990195135927845,15,0,2,1,3,4,15,0,2
2025-11-05 14:52:43.738,0.0,5.0,4.0,6.4031242374328485,18,0,3,0,5,4,18,0,3
2025-11-05 14:52:43.856,1.0,3.0,4.0,5.0990195135927845,14,0,3,1,3,4,14,0,3
2025-11-05 14:52:43.946,1.0,3.0,4.0,5.0990195135927845,17,0,3,1,3,4,17,0,3
2025-11-05 14:52:44.065,0.0,4.0,4.0,5.656854249492381,16,0,3,0,4,4,16,0,3
2025-11-05 14:52:44.125,1.0,4.0,4.0,5.744562646538029,18,0,3,1,4,4,18,0,3
2025-11-05 14:52:44.245,0.0,4.0,3.0,5.0,15,0,3,0,4,3,15,0,3
2025-11-05 14:52:44.336,1.0,3.0,3.0,4.358898943540674,15,0,2,1,3,3,15,0,2
2025-11-05 14:52:44.456,1.0,3.0,4.0,5.0990195135927845,17,0,3,1,3,4,17,0,3
2025-11-05 14:52:44.545,1.0,3.0,4.0,5.0990195135927845,15,0,3,1,3,4,15,0,3
2025-11-05 14:52:44.671,0.0,3.0,4.0,5.0,16,0,3,0,3,4,16,0,3
2025-11-05 14:52:44.756,1.0,4.0,4.0,5.744562646538029,13,0,2,1,4,4,13,0,2
2025-11-05 14:52:44.877,0.0,3.0,3.0,4.242640687119285,17,0,3,0,3,3,17,0,3
2025-11-05 14:52:44.938,1.0,4.0,4.0,5.744562646538029,15,0,3,1,4,4,15,0,3
2025-11-05 14:52:45.055,0.0,4.0,4.0,5.656854249492381,16,0,2,0,4,4,16,0,2
2025-11-05 14:52:45.145,1.0,3.0,4.0,5.0990195135927845,14,0,3,1,3,4,14,0,3
2025-11-05 14:52:45.285,0.0,4.0,4.0,5.656854249492381,17,0,3,0,4,4,17,0,3
2025-11-05 14:52:45.356,1.0,4.0,5.0,6.48074069840786,18,0,3,1,4,5,18,0,3
2025-11-05 14:52:45.482,0.0,5.0,4.0,6.4031242374328485,16,0,2,0,5,4,16,0,2
2025-11-05 14:52:45.537,1.0,3.0,4.0,5.0990195135927845,14,0,3,1,3,4,14,0,3
2025-11-05 14:52:45.692,1.0,3.0,4.0,5.0990195135927845,16,0,2,1,3,4,16,0,2
2025-11-05 14:52:45.746,1.0,3.0,4.0,5.0990195135927845,16,0,3,1,3,4,16,0,3
2025-11-05 14:52:45.866,2.0,4.0,5.0,6.708203932499369,17,0,3,2,4,5,17,0,3
2025-11-05 14:52:45.956,1.0,4.0,4.0,5.744562646538029,18,0,2,1,4,4,18,0,2
2025-11-05 14:52:46.102,1.0,5.0,4.0,6.48074069840786,19,0,3,1,5,4,19,0,3
2025-11-05 14:52:46.135,0.0,3.0,3.0,4.242640687119285,18,0,2,0,3,3,18,0,2
2025-11-05 14:52:46.334,1.0,3.0,5.0,5.916079783099616,15,0,3,1,3,5,15,0,3
2025-11-05 14:52:46.347,0.0,4.0,4.0,5.656854249492381,16,0,2,0,4,4,16,0,2
2025-11-05 14:52:46.466,2.0,4.0,4.0,6.0,18,0,3,2,4,4,18,0,3
2025-11-05 14:52:46.561,0.0,4.0,4.0,5.656854249492381,15,0,2,0,4,4,15,0,2
2025-11-05 14:52:46.675,2.0,3.0,4.0,5.385164807134504,16,0,3,2,3,4,16,0,3
2025-11-05 14:52:46.765,0.0,4.0,3.0,5.0,16,0,2,0,4,3,16,0,2
2025-11-05 14:52:46.981,1.0,3.0,4.0,5.0990195135927845,14,0,2,1,3,4,14,0,2
2025-11-05 14:52:46.982,2.0,4.0,4.0,6.0,15,0,2,2,4,4,15,0,2
2025-11-05 14:52:47.066,1.0,4.0,3.0,5.0990195135927845,15,0,3,1,4,3,15,0,3
2025-11-05 14:52:47.155,2.0,4.0,4.0,6.0,17,0,3,2,4,4,17,0,3
2025-11-05 14:52:47.275,1.0,3.0,4.0,5.0990195135927845,16,0,2,1,3,4,16,0,2
2025-11-05 14:52:47.414,2.0,4.0,4.0,6.0,16,0,3,2,4,4,16,0,3
2025-11-05 14:52:47.485,1.0,4.0,4.0,5.744562646538029,17,0,2,1,4,4,17,0,2
2025-11-05 14:52:47.547,1.0,3.0,4.0,5.0990195135927845,14,0,3,1,3,4,14,0,3
2025-11-05 14:52:47.695,0.0,3.0,4.0,5.0,15,0,2,0,3,4,15,0,2
2025-11-05 14:52:47.833,2.0,3.0,4.0,5.385164807134504,16,0,3,2,3,4,16,0,3
2025-11-05 14:52:47.875,0.0,4.0,4.0,5.656854249492381,17,0,2,0,4,4,17,0,2
2025-11-05 14:52:47.965,1.0,3.0,4.0,5.0990195135927845,16,0,3,1,3,4,16,0,3
2025-11-05 14:52:48.085,2.0,4.0,4.0,6.0,18,0,2,2,4,4,18,0,2
2025-11-05 14:52:48.251,1.0,3.0,6.0,6.782329983125268,16,0,3,1,3,6,16,0,3
2025-11-05 14:52:48.295,1.0,4.0,4.0,5.744562646538029,17,0,3,1,4,4,17,0,3
2025-11-05 14:52:48.355,1.0,4.0,4.0,5.744562646538029,17,0,3,1,4,4,17,0,3
2025-11-05 14:52:48.475,1.0,3.0,4.0,5.0990195135927845,16,0,3,1,3,4,16,0,3
2025-11-05 14:52:48.566,1.0,3.0,4.0,5.0990195135927845,16,0,3,1,3,4,16,0,3
2025-11-05 14:52:48.687,1.0,3.0,4.0,5.0990195135927845,16,0,3,1,3,4,16,0,3
2025-11-05 14:52:48.775,0.0,4.0,4.0,5.656854249492381,15,0,2,0,4,4,15,0,2
2025-11-05 14:52:48.895,1.0,3.0,4.0,5.0990195135927845,15,0,3,1,3,4,15,0,3
2025-11-05 14:52:49.018,1.0,3.0,3.0,4.358898943540674,15,0,2,1,3,3,15,0,2
2025-11-05 14:52:49.137,1.0,4.0,4.0,5.744562646538029,16,0,3,1,4,4,16,0,3
2025-11-05 14:52:49.165,1.0,4.0,4.0,5.744562646538029,16,0,2,1,4,4,16,0,2
2025-11-05 14:52:49.285,0.0,3.0,4.0,5.0,16,0,3,0,3,4,16,0,3
2025-11-05 14:52:49.375,1.0,4.0,4.0,5.744562646538029,15,0,3,1,4,4,15,0,3
2025-11-05 14:52:49.556,1.0,4.0,4.0,5.744562646538029,19,0,3,1,4,4,19,0,3
2025-11-05 14:52:49.585,1.0,4.0,4.0,5.744562646538029,16,0,3,1,4,4,16,0,3
2025-11-05 14:52:49.706,1.0,3.0,4.0,5.0990195135927845,15,0,2,1,3,4,15,0,2
2025-11-05 14:52:49.771,2.0,3.0,4.0,5.385164807134504,16,0,3,2,3,4,16,0,3
2025-11-05 14:52:49.969,0.0,4.0,4.0,5.656854249492381,15,0,2,0,4,4,15,0,2
2025-11-05 14:52:49.977,1.0,3.0,5.0,5.916079783099616,16,0,3,1,3,5,16,0,3
2025-11-05 14:52:50.095,1.0,4.0,4.0,5.744562646538029,18,0,3,1,4,4,18,0,3
2025-11-05 14:52:50.185,1.0,3.0,4.0,5.0990195135927845,16,0,3,1,3,4,16,0,3
2025-11-05 14:52:50.385,1.0,3.0,3.0,4.358898943540674,16,0,3,1,3,3,16,0,3
2025-11-05 14:52:50.385,1.0,3.0,4.0,5.0990195135927845,18,0,3,1,3,4,18,0,3
2025-11-05 14:52:50.485,0.0,4.0,5.0,6.4031242374328485,17,0,3,0,4,5,17,0,3
2025-11-05 14:52:50.576,1.0,3.0,5.0,5.916079783099616,16,0,3,1,3,5,16,0,3
2025-11-05 14:52:50.701,0.0,4.0,4.0,5.656854249492381,18,0,3,0,4,4,18,0,3
2025-11-05 14:52:50.798,0.0,4.0,4.0,5.656854249492381,15,0,2,0,4,4,15,0,2
2025-11-05 14:52:50.905,0.0,3.0,4.0,5.0,15,0,3,0,3,4,15,0,3
2025-11-05 14:52:50.995,0.0,4.0,4.0,5.656854249492381,17,0,3,0,4,4,17,0,3
2025-11-05 14:52:51.205,1.0,3.0,4.0,5.0990195135927845,14,0,3,1,3,4,14,0,3
2025-11-05 14:52:51.205,1.0,5.0,4.0,6.48074069840786,17,0,3,1,5,4,17,0,3
2025-11-05 14:52:51.295,0.0,3.0,4.0,5.0,15,0,3,0,3,4,15,0,3
2025-11-05 14:52:51.385,0.0,4.0,4.0,5.656854249492381,17,0,3,0,4,4,17,0,3
2025-11-05 14:52:51.508,1.0,4.0,5.0,6.48074069840786,18,0,3,1,4,5,18,0,3
2025-11-05 14:52:51.617,1.0,3.0,4.0,5.0990195135927845,15,0,3,1,3,4,15,0,3
2025-11-05 14:52:51.715,1.0,4.0,4.0,5.744562646538029,17,0,3,1,4,4,17,0,3
2025-11-05 14:52:51.776,0.0,3.0,4.0,5.0,16,0,3,0,3,4,16,0,3
2025-11-05 14:52:51.895,1.0,4.0,5.0,6.48074069840786,19,0,3,1,4,5,19,0,3
2025-11-05 14:52:51.987,0.0,4.0,4.0,5.656854249492381,17,0,3,0,4,4,17,0,3
2025-11-05 14:52:52.110,1.0,4.0,4.0,5.744562646538029,17,0,3,1,4,4,17,0,3
2025-11-05 14:52:52.196,1.0,3.0,3.0,4.358898943540674,15,0,3,1,3,3,15,0,3
2025-11-05 14:52:52.316,1.0,4.0,5.0,6.48074069840786,16,0,3,1,4,5,16,0,3
2025-11-05 14:52:52.406,0.0,4.0,5.0,6.4031242374328485,16,0,3,0,4,5,16,0,3
2025-11-05 14:52:52.525,1.0,4.0,4.0,5.744562646538029,17,0,3,1,4,4,17,0,3
2025-11-05 14:52:52.585,0.0,5.0,5.0,7.0710678118654755,18,0,3,0,5,5,18,0,3
2025-11-05 14:52:52.712,1.0,4.0,4.0,5.744562646538029,18,0,3,1,4,4,18,0,3
2025-11-05 14:52:52.798,1.0,5.0,4.0,6.48074069840786,16,0,2,1,5,4,16,0,2
2025-11-05 14:52:52.929,1.0,3.0,4.0,5.0990195135927845,18,0,3,1,3,4,18,0,3
2025-11-05 14:52:53.006,1.0,4.0,4.0,5.744562646538029,18,0,2,1,4,4,18,0,2
2025-11-05 14:52:53.129,0.0,3.0,4.0,5.0,15,0,3,0,3,4,15,0,3
2025-11-05 14:52:53.186,2.0,4.0,5.0,6.708203932499369,19,0,4,2,4,5,19,0,4
2025-11-05 14:52:53.339,1.0,4.0,4.0,5.744562646538029,17,0,3,1,4,4,17,0,3
2025-11-05 14:52:53.396,1.0,3.0,4.0,5.0990195135927845,15,0,3,1,3,4,15,0,3
2025-11-05 14:52:53.516,1.0,4.0,4.0,5.744562646538029,15,0,2,1,4,4,15,0,2
2025-11-05 14:52:53.606,1.0,3.0,3.0,4.358898943540674,17,0,3,1,3,3,17,0,3
2025-11-05 14:52:53.748,0.0,4.0,4.0,5.656854249492381,17,0,3,0,4,4,17,0,3
2025-11-05 14:52:53.817,1.0,3.0,4.0,5.0990195135927845,17,0,3,1,3,4,17,0,3
2025-11-05 14:52:53.941,1.0,4.0,4.0,5.744562646538029,16,0,3,1,4,4,16,0,3
2025-11-05 14:52:54.000,1.0,4.0,5.0,6.48074069840786,20,0,3,1,4,5,20,0,3
2025-11-05 14:52:54.156,0.0,3.0,4.0,5.0,17,0,3,0,3,4,17,0,3
2025-11-05 14:52:54.205,1.0,4.0,4.0,5.744562646538029,15,0,2,1,4,4,15,0,2
2025-11-05 14:52:54.328,1.0,4.0,5.0,6.48074069840786,15,0,3,1,4,5,15,0,3
2025-11-05 14:52:54.416,1.0,4.0,4.0,5.744562646538029,17,0,3,1,4,4,17,0,3
2025-11-05 14:52:54.577,0.0,3.0,4.0,5.0,14,0,3,0,3,4,14,0,3
2025-11-05 14:52:54.597,1.0,4.0,5.0,6.48074069840786,15,0,3,1,4,5,15,0,3
2025-11-05 14:52:54.716,1.0,3.0,5.0,5.916079783099616,14,0,3,1,3,5,14,0,3
2025-11-05 14:52:54.809,0.0,4.0,3.0,5.0,14,0,2,0,4,3,14,0,2
2025-11-05 14:52:55.024,1.0,3.0,5.0,5.916079783099616,17,0,4,1,3,5,17,0,4
2025-11-05 14:52:55.024,0.0,4.0,4.0,5.656854249492381,15,0,3,0,4,4,15,0,3
2025-11-05 14:52:55.136,1.0,3.0,5.0,5.916079783099616,15,0,3,1,3,5,15,0,3
2025-11-05 14:52:55.226,1.0,3.0,4.0,5.0990195135927845,15,0,3,1,3,4,15,0,3
2025-11-05 14:52:55.431,1.0,4.0,4.0,5.744562646538029,15,0,3,1,4,4,15,0,3
2025-11-05 14:52:55.431,0.0,3.0,3.0,4.242640687119285,16,0,3,0,3,3,16,0,3
2025-11-05 14:52:55.527,1.0,3.0,4.0,5.0990195135927845,14,0,3,1,3,4,14,0,3
2025-11-05 14:52:55.618,0.0,4.0,4.0,5.656854249492381,15,0,3,0,4,4,15,0,3
2025-11-05 14:52:55.744,1.0,4.0,4.0,5.744562646538029,16,0,3,1,4,4,16,0,3
2025-11-05 14:52:55.840,0.0,4.0,4.0,5.656854249492381,16,0,3,0,4,4,16,0,3
2025-11-05 14:52:55.945,0.0,3.0,4.0,5.0,14,0,3,0,3,4,14,0,3
2025-11-05 14:52:56.005,1.0,3.0,4.0,5.0990195135927845,14,0,2,1,3,4,14,0,2
2025-11-05 14:52:56.128,1.0,3.0,4.0,5.0990195135927845,14,0,3,1,3,4,14,0,3
2025-11-05 14:52:56.245,1.0,3.0,5.0,5.916079783099616,15,0,3,1,3,5,15,0,3
2025-11-05 14:52:56.336,0.0,3.0,4.0,5.0,13,0,2,0,3,4,13,0,2
2025-11-05 14:52:56.429,1.0,4.0,4.0,5.744562646538029,19,0,3,1,4,4,19,0,3
2025-11-05 14:52:56.546,0.0,4.0,5.0,6.4031242374328485,16,0,3,0,4,5,16,0,3
2025-11-05 14:52:56.652,1.0,4.0,4.0,5.744562646538029,16,0,3,1,4,4,16,0,3
2025-11-05 14:52:56.756,0.0,4.0,4.0,5.656854249492381,17,0,3,0,4,4,17,0,3
2025-11-05 14:52:56.816,1.0,4.0,4.0,5.744562646538029,16,0,3,1,4,4,16,0,3
2025-11-05 14:52:56.935,0.0,3.0,4.0,5.0,16,0,3,0,3,4,16,0,3
2025-11-05 14:52:57.063,1.0,3.0,4.0,5.0990195135927845,15,0,3,1,3,4,15,0,3
2025-11-05 14:52:57.146,1.0,4.0,4.0,5.744562646538029,18,0,3,1,4,4,18,0,3
2025-11-05 14:52:57.238,1.0,3.0,4.0,5.0990195135927845,15,0,3,1,3,4,15,0,3
2025-11-05 14:52:57.356,0.0,4.0,4.0,5.656854249492381,17,0,3,0,4,4,17,0,3
2025-11-05 14:52:57.488,2.0,3.0,4.0,5.385164807134504,15,0,3,2,3,4,15,0,3
2025-11-05 14:52:57.536,2.0,4.0,4.0,6.0,16,0,2,2,4,4,16,0,2
2025-11-05 14:52:57.626,1.0,3.0,5.0,5.916079783099616,15,0,3,1,3,5,15,0,3
2025-11-05 14:52:57.746,1.0,4.0,4.0,5.744562646538029,16,0,3,1,4,4,16,0,3
2025-11-05 14:52:57.836,1.0,4.0,5.0,6.48074069840786,18,0,3,1,4,5,18,0,3
2025-11-05 14:52:57.956,1.0,4.0,4.0,5.744562646538029,17,0,3,1,4,4,17,0,3
2025-11-05 14:52:58.046,1.0,4.0,3.0,5.0990195135927845,15,0,3,1,4,3,15,0,3
2025-11-05 14:52:58.165,1.0,3.0,4.0,5.0990195135927845,13,0,3,1,3,4,13,0,3
2025-11-05 14:52:58.228,1.0,3.0,4.0,5.0990195135927845,17,0,3,1,3,4,17,0,3
2025-11-05 14:52:58.369,1.0,4.0,5.0,6.48074069840786,18,0,3,1,4,5,18,0,3
2025-11-05 14:52:58.438,1.0,4.0,5.0,6.48074069840786,16,0,3,1,4,5,16,0,3
2025-11-05 14:52:58.558,0.0,4.0,4.0,5.656854249492381,15,0,3,0,4,4,15,0,3
2025-11-05 14:52:58.646,1.0,4.0,4.0,5.744562646538029,16,0,3,1,4,4,16,0,3
2025-11-05 14:52:58.788,1.0,4.0,4.0,5.744562646538029,16,0,3,1,4,4,16,0,3
2025-11-05 14:52:58.828,1.0,4.0,4.0,5.744562646538029,16,0,3,1,4,4,16,0,3
2025-11-05 14:52:58.948,1.0,4.0,4.0,5.744562646538029,19,0,3,1,4,4,19,0,3
2025-11-05 14:52:59.035,0.0,4.0,4.0,5.656854249492381,16,0,3,0,4,4,16,0,3
2025-11-05 14:52:59.194,1.0,4.0,4.0,5.744562646538029,16,0,3,1,4,4,16,0,3
2025-11-05 14:52:59.246,0.0,3.0,5.0,5.830951894845301,18,0,3,0,3,5,18,0,3
2025-11-05 14:52:59.367,1.0,3.0,5.0,5.916079783099616,16,0,4,1,3,5,16,0,4
2025-11-05 14:52:59.456,1.0,4.0,4.0,5.744562646538029,19,0,3,1,4,4,19,0,3
2025-11-05 14:52:59.611,1.0,3.0,4.0,5.0990195135927845,15,0,3,1,3,4,15,0,3
2025-11-05 14:52:59.635,2.0,4.0,4.0,6.0,18,0,3,2,4,4,18,0,3
2025-11-05 14:52:59.756,1.0,4.0,5.0,6.48074069840786,16,0,3,1,4,5,16,0,3
2025-11-05 14:52:59.850,1.0,4.0,5.0,6.48074069840786,16,0,3,1,4,5,16,0,3
2025-11-05 14:53:00.029,1.0,4.0,5.0,6.48074069840786,16,0,3,1,4,5,16,0,3
2025-11-05 14:53:00.057,1.0,4.0,4.0,5.744562646538029,16,0,3,1,4,4,16,0,3
2025-11-05 14:53:00.176,0.0,5.0,4.0,6.4031242374328485,16,0,2,0,5,4,16,0,2
2025-11-05 14:53:00.236,1.0,4.0,4.0,5.744562646538029,15,0,3,1,4,4,15,0,3
2025-11-05 14:53:00.441,1.0,5.0,4.0,6.48074069840786,17,0,2,1,5,4,17,0,2
2025-11-05 14:53:00.446,1.0,4.0,5.0,6.48074069840786,17,0,3,1,4,5,17,0,3
2025-11-05 14:53:00.566,0.0,4.0,3.0,5.0,15,0,3,0,4,3,15,0,3
2025-11-05 14:53:00.675,1.0,3.0,4.0,5.0990195135927845,16,0,3,1,3,4,16,0,3
2025-11-05 14:53:00.776,0.0,5.0,4.0,6.4031242374328485,17,0,3,0,5,4,17,0,3
2025-11-05 14:53:00.903,0.0,3.0,4.0,5.0,14,0,3,0,3,4,14,0,3
2025-11-05 14:53:00.986,1.0,5.0,4.0,6.48074069840786,15,0,3,1,5,4,15,0,3
2025-11-05 14:53:01.046,1.0,5.0,3.0,5.916079783099616,16,0,3,1,5,3,16,0,3
2025-11-05 14:53:01.166,0.0,4.0,3.0,5.0,15,0,3,0,4,3,15,0,3
2025-11-05 14:53:01.311,1.0,4.0,4.0,5.744562646538029,17,0,3,1,4,4,17,0,3
2025-11-05 14:53:01.376,1.0,3.0,3.0,4.358898943540674,15,0,3,1,3,3,15,0,3
2025-11-05 14:53:01.466,1.0,4.0,4.0,5.744562646538029,17,0,3,1,4,4,17,0,3
2025-11-05 14:53:01.586,1.0,4.0,4.0,5.744562646538029,16,0,3,1,4,4,16,0,3
2025-11-05 14:53:01.726,1.0,5.0,4.0,6.48074069840786,17,0,2,1,5,4,17,0,2
2025-11-05 14:53:01.766,1.0,3.0,4.0,5.0990195135927845,15,0,3,1,3,4,15,0,3
2025-11-05 14:53:01.855,1.0,4.0,4.0,5.744562646538029,14,0,3,1,4,4,14,0,3
2025-11-05 14:53:01.976,1.0,4.0,5.0,6.48074069840786,16,0,3,1,4,5,16,0,3
2025-11-05 14:53:02.146,1.0,4.0,3.0,5.0990195135927845,15,0,3,1,4,3,15,0,3
2025-11-05 14:53:02.186,1.0,5.0,4.0,6.48074069840786,14,0,2,1,5,4,14,0,2
2025-11-05 14:53:02.277,0.0,4.0,4.0,5.656854249492381,17,0,3,0,4,4,17,0,3
2025-11-05 14:53:02.398,1.0,5.0,4.0,6.48074069840786,18,0,3,1,5,4,18,0,3
2025-11-05 14:53:02.565,0.0,4.0,5.0,6.4031242374328485,15,0,2,0,4,5,15,0,2
2025-11-05 14:53:02.575,1.0,4.0,5.0,6.48074069840786,17,0,3,1,4,5,17,0,3
2025-11-05 14:53:02.666,0.0,4.0,3.0,5.0,18,0,3,0,4,3,18,0,3
2025-11-05 14:53:02.786,1.0,4.0,4.0,5.744562646538029,16,0,3,1,4,4,16,0,3
2025-11-05 14:53:02.876,0.0,4.0,4.0,5.656854249492381,15,0,2,0,4,4,15,0,2
2025-11-05 14:53:02.995,2.0,4.0,4.0,6.0,16,0,3,2,4,4,16,0,3
2025-11-05 14:53:03.056,1.0,5.0,4.0,6.48074069840786,17,0,3,1,5,4,17,0,3
2025-11-05 14:53:03.182,1.0,3.0,4.0,5.0990195135927845,16,0,4,1,3,4,16,0,4
2025-11-05 14:53:03.267,2.0,5.0,5.0,7.3484692283495345,17,0,2,2,5,5,17,0,2
2025-11-05 14:53:03.439,0.0,4.0,5.0,6.4031242374328485,16,0,4,0,4,5,16,0,4
2025-11-05 14:53:03.476,2.0,5.0,4.0,6.708203932499369,17,0,3,2,5,4,17,0,3
2025-11-05 14:53:03.597,1.0,3.0,5.0,5.916079783099616,16,0,3,1,3,5,16,0,3
2025-11-05 14:53:03.686,1.0,4.0,4.0,5.744562646538029,15,0,3,1,4,4,15,0,3
2025-11-05 14:53:03.869,0.0,4.0,4.0,5.656854249492381,17,0,2,0,4,4,17,0,2
2025-11-05 14:53:03.869,1.0,4.0,4.0,5.744562646538029,15,0,3,1,4,4,15,0,3
2025-11-05 14:53:03.987,0.0,4.0,4.0,5.656854249492381,15,0,3,0,4,4,15,0,3
2025-11-05 14:53:04.077,1.0,4.0,4.0,5.744562646538029,15,0,3,1,4,4,15,0,3
2025-11-05 14:53:04.291,0.0,5.0,4.0,6.4031242374328485,17,0,2,0,5,4,17,0,2
2025-11-05 14:53:04.291,2.0,4.0,4.0,6.0,17,0,3,2,4,4,17,0,3
2025-11-05 14:53:04.405,1.0,5.0,5.0,7.14142842854285,18,0,3,1,5,5,18,0,3
2025-11-05 14:53:04.467,1.0,4.0,4.0,5.744562646538029,16,0,3,1,4,4,16,0,3
2025-11-05 14:53:04.585,2.0,5.0,5.0,7.3484692283495345,19,0,3,2,5,5,19,0,3
2025-11-05 14:53:04.710,0.0,4.0,4.0,5.656854249492381,17,0,3,0,4,4,17,0,3
2025-11-05 14:53:04.796,1.0,4.0,3.0,5.0990195135927845,15,0,3,1,4,3,15,0,3
2025-11-05 14:53:04.886,1.0,3.0,3.0,4.358898943540674,16,0,2,1,3,3,16,0,2
2025-11-05 14:53:05.006,1.0,4.0,4.0,5.744562646538029,15,0,3,1,4,4,15,0,3
2025-11-05 14:53:05.124,1.0,5.0,4.0,6.48074069840786,17,0,3,1,5,4,17,0,3
2025-11-05 14:53:05.245,1.0,3.0,4.0,5.0990195135927845,15,0,3,1,3,4,15,0,3
2025-11-05 14:53:05.275,0.0,4.0,4.0,5.656854249492381,16,0,3,0,4,4,16,0,3
2025-11-05 14:53:05.397,1.0,4.0,4.0,5.744562646538029,16,0,3,1,4,4,16,0,3
2025-11-05 14:53:05.539,2.0,5.0,4.0,6.708203932499369,15,0,2,2,5,4,15,0,2
2025-11-05 14:53:05.605,0.0,3.0,4.0,5.0,18,0,3,0,3,4,18,0,3
2025-11-05 14:53:05.696,1.0,5.0,3.0,5.916079783099616,17,0,2,1,5,3,17,0,2
2025-11-05 14:53:05.815,1.0,4.0,4.0,5.744562646538029,18,0,3,1,4,4,18,0,3
2025-11-05 14:53:05.951,1.0,5.0,4.0,6.48074069840786,16,0,3,1,5,4,16,0,3
2025-11-05 14:53:05.995,1.0,4.0,5.0,6.48074069840786,19,0,3,1,4,5,19,0,3
2025-11-05 14:53:06.085,1.0,3.0,4.0,5.0990195135927845,14,0,3,1,3,4,14,0,3
2025-11-05 14:53:06.205,1.0,4.0,4.0,5.744562646538029,16,0,2,1,4,4,16,0,2
2025-11-05 14:53:06.300,1.0,4.0,4.0,5.744562646538029,18,0,3,1,4,4,18,0,3
2025-11-05 14:53:06.417,0.0,4.0,4.0,5.656854249492381,16,0,3,0,4,4,16,0,3
2025-11-05 14:53:06.505,1.0,3.0,4.0,5.0990195135927845,15,0,3,1,3,4,15,0,3
2025-11-05 14:53:06.625,0.0,4.0,4.0,5.656854249492381,16,0,3,0,4,4,16,0,3
2025-11-05 14:53:06.687,1.0,4.0,4.0,5.744562646538029,15,0,3,1,4,4,15,0,3
2025-11-05 14:53:06.806,1.0,4.0,4.0,5.744562646538029,15,0,3,1,4,4,15,0,3
2025-11-05 14:53:06.896,1.0,3.0,4.0,5.0990195135927845,16,0,3,1,3,4,16,0,3
2025-11-05 14:53:07.015,1.0,5.0,5.0,7.14142842854285,16,0,3,1,5,5,16,0,3
2025-11-05 14:53:07.107,1.0,4.0,4.0,5.744562646538029,16,0,3,1,4,4,16,0,3
2025-11-05 14:53:07.226,0.0,4.0,4.0,5.656854249492381,15,0,3,0,4,4,15,0,3
2025-11-05 14:53:07.285,1.0,5.0,4.0,6.48074069840786,16,0,3,1,5,4,16,0,3
2025-11-05 14:53:07.416,0.0,4.0,4.0,5.656854249492381,16,0,3,0,4,4,16,0,3
2025-11-05 14:53:07.496,0.0,4.0,4.0,5.656854249492381,14,0,2,0,4,4,14,0,2
2025-11-05 14:53:07.639,0.0,4.0,4.0,5.656854249492381,15,0,3,0,4,4,15,0,3
2025-11-05 14:53:07.705,1.0,5.0,4.0,6.48074069840786,16,0,2,1,5,4,16,0,2
2025-11-05 14:53:07.831,0.0,5.0,4.0,6.4031242374328485,18,0,3,0,5,4,18,0,3
2025-11-05 14:53:07.915,1.0,5.0,5.0,7.14142842854285,17,0,3,1,5,5,17,0,3
2025-11-05 14:53:08.060,0.0,4.0,5.0,6.4031242374328485,16,0,3,0,4,5,16,0,3
2025-11-05 14:53:08.097,1.0,3.0,3.0,4.358898943540674,14,0,3,1,3,3,14,0,3
2025-11-05 14:53:08.215,1.0,5.0,4.0,6.48074069840786,16,0,2,1,5,4,16,0,2
2025-11-05 14:53:08.305,2.0,3.0,4.0,5.385164807134504,15,0,3,2,3,4,15,0,3
2025-11-05 14:53:08.489,0.0,4.0,5.0,6.4031242374328485,17,0,3,0,4,5,17,0,3
2025-11-05 14:53:08.515,1.0,4.0,5.0,6.48074069840786,16,0,3,1,4,5,16,0,3
2025-11-05 14:53:08.636,1.0,5.0,4.0,6.48074069840786,18,0,3,1,5,4,18,0,3
2025-11-05 14:53:08.698,1.0,4.0,4.0,5.744562646538029,14,0,3,1,4,4,14,0,3
2025-11-05 14:53:08.816,1.0,4.0,4.0,5.744562646538029,15,0,2,1,4,4,15,0,2
2025-11-05 14:53:08.913,0.0,3.0,3.0,4.242640687119285,14,0,3,0,3,3,14,0,3
2025-11-05 14:53:09.025,1.0,4.0,4.0,5.744562646538029,15,0,2,1,4,4,15,0,2
2025-11-05 14:53:09.143,0.0,3.0,4.0,5.0,16,0,2,0,3,4,16,0,2
2025-11-05 14:53:09.235,1.0,5.0,4.0,6.48074069840786,16,0,3,1,5,4,16,0,3
2025-11-05 14:53:09.370,1.0,4.0,4.0,5.744562646538029,18,0,3,1,4,4,18,0,3
2025-11-05 14:53:09.445,1.0,4.0,4.0,5.744562646538029,16,0,3,1,4,4,16,0,3
2025-11-05 14:53:09.505,0.0,5.0,4.0,6.4031242374328485,18,0,2,0,5,4,18,0,2
2025-11-05 14:53:09.625,1.0,4.0,4.0,5.744562646538029,15,0,3,1,4,4,15,0,3
2025-11-05 14:53:09.784,0.0,4.0,4.0,5.656854249492381,14,0,2,0,4,4,14,0,2
2025-11-05 14:53:09.835,2.0,4.0,5.0,6.708203932499369,18,0,4,2,4,5,18,0,4
2025-11-05 14:53:09.955,0.0,4.0,4.0,5.656854249492381,15,0,2,0,4,4,15,0,2
2025-11-05 14:53:10.045,2.0,4.0,4.0,6.0,16,0,3,2,4,4,16,0,3
2025-11-05 14:53:10.110,1.0,5.0,4.0,6.48074069840786,17,0,2,1,5,4,17,0,2
2025-11-05 14:53:10.225,1.0,3.0,4.0,5.0990195135927845,14,0,3,1,3,4,14,0,3
2025-11-05 14:53:10.315,1.0,5.0,4.0,6.48074069840786,18,0,3,1,5,4,18,0,3
2025-11-05 14:53:10.440,1.0,4.0,4.0,5.744562646538029,16,0,3,1,4,4,16,0,3
2025-11-05 14:53:10.527,1.0,4.0,4.0,5.744562646538029,15,0,2,1,4,4,15,0,2
2025-11-05 14:53:10.645,0.0,4.0,4.0,5.656854249492381,15,0,3,0,4,4,15,0,3
2025-11-05 14:53:10.735,1.0,4.0,5.0,6.48074069840786,18,0,3,1,4,5,18,0,3
2025-11-05 14:53:10.858,0.0,4.0,3.0,5.0,15,0,3,0,4,3,15,0,3
2025-11-05 14:53:10.915,1.0,4.0,4.0,5.744562646538029,15,0,3,1,4,4,15,0,3
2025-11-05 14:53:11.049,0.0,5.0,4.0,6.4031242374328485,17,0,3,0,5,4,17,0,3
2025-11-05 14:53:11.125,0.0,4.0,4.0,5.656854249492381,15,0,3,0,4,4,15,0,3
2025-11-05 14:53:11.246,0.0,4.0,5.0,6.4031242374328485,16,0,3,0,4,5,16,0,3
2025-11-05 14:53:11.335,1.0,5.0,5.0,7.14142842854285,17,0,3,1,5,5,17,0,3
2025-11-05 14:53:11.460,1.0,4.0,4.0,5.744562646538029,15,0,3,1,4,4,15,0,3
2025-11-05 14:53:11.515,0.0,4.0,3.0,5.0,14,0,2,0,4,3,14,0,2
2025-11-05 14:53:11.635,1.0,3.0,4.0,5.0990195135927845,12,0,3,1,3,4,12,0,3
2025-11-05 14:53:11.725,0.0,3.0,4.0,5.0,14,0,3,0,3,4,14,0,3
2025-11-05 14:53:11.880,1.0,4.0,4.0,5.744562646538029,16,0,3,1,4,4,16,0,3
2025-11-05 14:53:11.935,1.0,4.0,4.0,5.744562646538029,13,0,3,1,4,4,13,0,3
2025-11-05 14:53:12.055,1.0,4.0,3.0,5.0990195135927845,15,0,3,1,4,3,15,0,3
2025-11-05 14:53:12.147,1.0,3.0,5.0,5.916079783099616,14,0,3,1,3,5,14,0,3
2025-11-05 14:53:12.350,1.0,5.0,4.0,6.48074069840786,15,0,3,1,5,4,15,0,3
2025-11-05 14:53:12.350,1.0,4.0,5.0,6.48074069840786,15,0,3,1,4,5,15,0,3
2025-11-05 14:53:12.446,0.0,5.0,4.0,6.4031242374328485,16,0,3,0,5,4,16,0,3
2025-11-05 14:53:12.537,1.0,4.0,4.0,5.744562646538029,16,0,3,1,4,4,16,0,3
2025-11-05 14:53:12.655,1.0,3.0,4.0,5.0990195135927845,15,0,2,1,3,4,15,0,2
2025-11-05 14:53:12.771,1.0,3.0,4.0,5.0990195135927845,15,0,3,1,3,4,15,0,3
2025-11-05 14:53:12.867,1.0,4.0,3.0,5.0990195135927845,16,0,3,1,4,3,16,0,3
2025-11-05 14:53:12.925,1.0,5.0,5.0,7.14142842854285,15,0,3,1,5,5,15,0,3
2025-11-05 14:53:13.045,1.0,3.0,4.0,5.0990195135927845,14,0,3,1,3,4,14,0,3
2025-11-05 14:53:13.188,1.0,5.0,4.0,6.48074069840786,14,0,2,1,5,4,14,0,2
2025-11-05 14:53:13.255,1.0,4.0,4.0,5.744562646538029,14,0,3,1,4,4,14,0,3
2025-11-05 14:53:13.346,1.0,5.0,4.0,6.48074069840786,16,0,2,1,5,4,16,0,2
2025-11-05 14:53:13.465,1.0,4.0,4.0,5.744562646538029,15,0,3,1,4,4,15,0,3
2025-11-05 14:53:13.606,1.0,5.0,5.0,7.14142842854285,17,0,3,1,5,5,17,0,3
2025-11-05 14:53:13.678,0.0,5.0,5.0,7.0710678118654755,17,0,3,0,5,5,17,0,3
2025-11-05 14:53:13.737,1.0,6.0,4.0,7.280109889280518,17,0,3,1,6,4,17,0,3
2025-11-05 14:53:13.856,1.0,5.0,5.0,7.14142842854285,19,0,3,1,5,5,19,0,3
2025-11-05 14:53:14.021,0.0,5.0,4.0,6.4031242374328485,16,0,3,0,5,4,16,0,3
2025-11-05 14:53:14.069,1.0,5.0,5.0,7.14142842854285,18,0,3,1,5,5,18,0,3
2025-11-05 14:53:14.155,0.0,3.0,4.0,5.0,14,0,3,0,3,4,14,0,3
2025-11-05 14:53:14.277,1.0,4.0,3.0,5.0990195135927845,16,0,3,1,4,3,16,0,3
2025-11-05 14:53:14.342,1.0,4.0,3.0,5.0990195135927845,15,0,2,1,4,3,15,0,2
2025-11-05 14:53:14.455,1.0,4.0,5.0,6.48074069840786,14,0,3,1,4,5,14,0,3
2025-11-05 14:53:14.545,0.0,4.0,4.0,5.656854249492381,17,0,3,0,4,4,17,0,3
2025-11-05 14:53:14.668,2.0,4.0,5.0,6.708203932499369,18,0,4,2,4,5,18,0,4
2025-11-05 14:53:14.798,0.0,3.0,4.0,5.0,16,0,3,0,3,4,16,0,3
2025-11-05 14:53:14.907,1.0,4.0,4.0,5.744562646538029,15,0,3,1,4,4,15,0,3
2025-11-05 14:53:14.935,1.0,4.0,4.0,5.744562646538029,19,0,2,1,4,4,19,0,2
2025-11-05 14:53:15.085,0.0,4.0,4.0,5.656854249492381,15,0,3,0,4,4,15,0,3
2025-11-05 14:53:15.145,2.0,4.0,4.0,6.0,19,0,2,2,4,4,19,0,2
2025-11-05 14:53:15.325,0.0,4.0,4.0,5.656854249492381,17,0,3,0,4,4,17,0,3
2025-11-05 14:53:15.355,1.0,5.0,4.0,6.48074069840786,14,0,3,1,5,4,14,0,3
2025-11-05 14:53:15.475,0.0,5.0,4.0,6.4031242374328485,17,0,2,0,5,4,17,0,2
2025-11-05 14:53:15.565,1.0,4.0,4.0,5.744562646538029,16,0,3,1,4,4,16,0,3
2025-11-05 14:53:15.752,1.0,4.0,4.0,5.744562646538029,16,0,2,1,4,4,16,0,2
2025-11-05 14:53:15.753,1.0,3.0,4.0,5.0990195135927845,16,0,3,1,3,4,16,0,3
2025-11-05 14:53:15.865,1.0,5.0,4.0,6.48074069840786,17,0,2,1,5,4,17,0,2
2025-11-05 14:53:15.957,1.0,3.0,3.0,4.358898943540674,15,0,3,1,3,3,15,0,3
2025-11-05 14:53:16.169,1.0,5.0,4.0,6.48074069840786,15,0,2,1,5,4,15,0,2
2025-11-05 14:53:16.170,1.0,3.0,3.0,4.358898943540674,13,0,2,1,3,3,13,0,2
2025-11-05 14:53:16.285,2.0,4.0,3.0,5.385164807134504,15,0,3,2,4,3,15,0,3
2025-11-05 14:53:16.345,1.0,4.0,4.0,5.744562646538029,17,0,2,1,4,4,17,0,2
2025-11-05 14:53:16.579,1.0,5.0,4.0,6.48074069840786,15,0,3,1,5,4,15,0,3
2025-11-05 14:53:16.579,0.0,4.0,4.0,5.656854249492381,17,0,3,0,4,4,17,0,3
2025-11-05 14:53:16.675,1.0,3.0,4.0,5.0990195135927845,15,0,3,1,3,4,15,0,3
2025-11-05 14:53:16.773,0.0,4.0,4.0,5.656854249492381,17,0,3,0,4,4,17,0,3
2025-11-05 14:53:16.885,1.0,3.0,4.0,5.0990195135927845,14,0,3,1,3,4,14,0,3
2025-11-05 14:53:16.993,0.0,4.0,4.0,5.656854249492381,17,0,2,0,4,4,17,0,2
2025-11-05 14:53:17.096,1.0,4.0,7.0,8.12403840463596,17,0,3,1,4,7,17,0,3
2025-11-05 14:53:17.156,1.0,4.0,4.0,5.744562646538029,16,0,2,1,4,4,16,0,2
2025-11-05 14:53:17.407,1.0,4.0,4.0,5.744562646538029,16,0,3,1,4,4,16,0,3
2025-11-05 14:53:17.408,1.0,5.0,4.0,6.48074069840786,18,0,3,1,5,4,18,0,3
2025-11-05 14:53:17.486,1.0,3.0,4.0,5.0990195135927845,14,0,3,1,3,4,14,0,3
2025-11-05 14:53:17.577,1.0,5.0,4.0,6.48074069840786,15,0,3,1,5,4,15,0,3
2025-11-05 14:53:17.697,1.0,3.0,2.0,3.7416573867739413,15,0,2,1,3,2,15,0,2
2025-11-05 14:53:17.757,1.0,4.0,4.0,5.744562646538029,16,0,3,1,4,4,16,0,3
2025-11-05 14:53:17.908,1.0,5.0,4.0,6.48074069840786,17,0,2,1,5,4,17,0,2
2025-11-05 14:53:17.966,1.0,3.0,4.0,5.0990195135927845,14,0,3,1,3,4,14,0,3
2025-11-05 14:53:18.092,1.0,4.0,4.0,5.744562646538029,17,0,3,1,4,4,17,0,3
2025-11-05 14:53:18.176,0.0,3.0,3.0,4.242640687119285,12,0,2,0,3,3,12,0,2
2025-11-05 14:53:18.295,1.0,4.0,5.0,6.48074069840786,15,0,3,1,4,5,15,0,3
2025-11-05 14:53:18.385,0.0,4.0,4.0,5.656854249492381,17,0,3,0,4,4,17,0,3
2025-11-05 14:53:18.505,1.0,4.0,5.0,6.48074069840786,16,0,3,1,4,5,16,0,3
2025-11-05 14:53:18.565,0.0,4.0,4.0,5.656854249492381,17,0,2,0,4,4,17,0,2
2025-11-05 14:53:18.718,1.0,4.0,4.0,5.744562646538029,15,0,3,1,4,4,15,0,3
2025-11-05 14:53:18.776,0.0,5.0,4.0,6.4031242374328485,17,0,3,0,5,4,17,0,3
2025-11-05 14:53:18.895,1.0,3.0,4.0,5.0990195135927845,12,0,2,1,3,4,12,0,2
2025-11-05 14:53:18.985,1.0,4.0,4.0,5.744562646538029,16,0,2,1,4,4,16,0,2
2025-11-05 14:53:19.132,1.0,4.0,4.0,5.744562646538029,16,0,3,1,4,4,16,0,3
2025-11-05 14:53:19.166,1.0,5.0,4.0,6.48074069840786,17,0,3,1,5,4,17,0,3
2025-11-05 14:53:19.347,1.0,4.0,3.0,5.0990195135927845,16,0,3,1,4,3,16,0,3
2025-11-05 14:53:19.417,1.0,5.0,4.0,6.48074069840786,17,0,3,1,5,4,17,0,3
2025-11-05 14:53:19.539,0.0,4.0,4.0,5.656854249492381,19,0,3,0,4,4,19,0,3
2025-11-05 14:53:19.585,1.0,4.0,4.0,5.744562646538029,13,0,3,1,4,4,13,0,3
2025-11-05 14:53:19.714,0.0,4.0,4.0,5.656854249492381,16,0,2,0,4,4,16,0,2
2025-11-05 14:53:19.797,1.0,4.0,4.0,5.744562646538029,15,0,3,1,4,4,15,0,3
2025-11-05 14:53:19.961,1.0,4.0,5.0,6.48074069840786,15,0,3,1,4,5,15,0,3
2025-11-05 14:53:19.975,0.0,4.0,4.0,5.656854249492381,14,0,3,0,4,4,14,0,3
2025-11-05 14:53:20.095,1.0,5.0,5.0,7.14142842854285,18,0,2,1,5,5,18,0,2
2025-11-05 14:53:20.185,0.0,3.0,4.0,5.0,15,0,2,0,3,4,15,0,2
2025-11-05 14:53:20.377,1.0,5.0,5.0,7.14142842854285,14,0,3,1,5,5,14,0,3
2025-11-05 14:53:20.395,0.0,4.0,4.0,5.656854249492381,16,0,2,0,4,4,16,0,2
2025-11-05 14:53:20.532,1.0,3.0,5.0,5.916079783099616,15,0,3,1,3,5,15,0,3
2025-11-05 14:53:20.599,0.0,5.0,4.0,6.4031242374328485,16,0,2,0,5,4,16,0,2
2025-11-05 14:53:20.696,2.0,4.0,4.0,6.0,17,0,3,2,4,4,17,0,3
2025-11-05 14:53:20.799,2.0,5.0,5.0,7.3484692283495345,18,0,2,2,5,5,18,0,2
2025-11-05 14:53:20.907,0.0,4.0,3.0,5.0,16,0,3,0,4,3,16,0,3
2025-11-05 14:53:20.997,1.0,5.0,4.0,6.48074069840786,14,0,3,1,5,4,14,0,3
2025-11-05 14:53:21.118,1.0,4.0,4.0,5.744562646538029,17,0,3,1,4,4,17,0,3
2025-11-05 14:53:21.217,2.0,3.0,4.0,5.385164807134504,16,0,3,2,3,4,16,0,3
2025-11-05 14:53:21.325,1.0,4.0,4.0,5.744562646538029,18,0,3,1,4,4,18,0,3
2025-11-05 14:53:21.386,1.0,4.0,4.0,5.744562646538029,15,0,3,1,4,4,15,0,3
2025-11-05 14:53:21.505,1.0,5.0,4.0,6.48074069840786,15,0,2,1,5,4,15,0,2
2025-11-05 14:53:21.645,1.0,3.0,3.0,4.358898943540674,14,0,2,1,3,3,14,0,2
2025-11-05 14:53:21.715,0.0,5.0,4.0,6.4031242374328485,15,0,3,0,5,4,15,0,3
2025-11-05 14:53:21.807,1.0,3.0,4.0,5.0990195135927845,14,0,3,1,3,4,14,0,3
2025-11-05 14:53:21.925,0.0,4.0,4.0,5.656854249492381,14,0,3,0,4,4,14,0,3
2025-11-05 14:53:22.070,1.0,4.0,4.0,5.744562646538029,14,0,3,1,4,4,14,0,3
2025-11-05 14:53:22.105,1.0,4.0,4.0,5.744562646538029,16,0,3,1,4,4,16,0,3
2025-11-05 14:53:22.196,0.0,5.0,4.0,6.4031242374328485,16,0,2,0,5,4,16,0,2
2025-11-05 14:53:22.316,1.0,4.0,4.0,5.744562646538029,16,0,3,1,4,4,16,0,3
2025-11-05 14:53:22.483,1.0,5.0,4.0,6.48074069840786,16,0,2,1,5,4,16,0,2
2025-11-05 14:53:22.555,1.0,3.0,5.0,5.916079783099616,17,0,3,1,3,5,17,0,3
2025-11-05 14:53:22.616,0.0,4.0,4.0,5.656854249492381,16,0,3,0,4,4,16,0,3
2025-11-05 14:53:22.737,1.0,4.0,4.0,5.744562646538029,16,0,3,1,4,4,16,0,3
2025-11-05 14:53:22.796,0.0,3.0,4.0,5.0,14,0,3,0,3,4,14,0,3
2025-11-05 14:53:22.917,1.0,4.0,4.0,5.744562646538029,14,0,3,1,4,4,14,0,3
2025-11-05 14:53:23.005,1.0,4.0,3.0,5.0990195135927845,17,0,3,1,4,3,17,0,3
2025-11-05 14:53:23.126,0.0,5.0,5.0,7.0710678118654755,15,0,2,0,5,5,15,0,2
2025-11-05 14:53:23.215,1.0,4.0,4.0,5.744562646538029,15,0,3,1,4,4,15,0,3
2025-11-05 14:53:23.345,1.0,5.0,4.0,6.48074069840786,16,0,3,1,5,4,16,0,3
2025-11-05 14:53:23.395,1.0,4.0,4.0,5.744562646538029,16,0,3,1,4,4,16,0,3
2025-11-05 14:53:23.516,1.0,4.0,4.0,5.744562646538029,13,0,3,1,4,4,13,0,3
2025-11-05 14:53:23.605,0.0,4.0,4.0,5.656854249492381,13,0,2,0,4,4,13,0,2
2025-11-05 14:53:23.804,1.0,4.0,4.0,5.744562646538029,16,0,3,1,4,4,16,0,3
2025-11-05 14:53:23.816,1.0,5.0,4.0,6.48074069840786,17,0,3,1,5,4,17,0,3
2025-11-05 14:53:23.936,0.0,4.0,4.0,5.656854249492381,16,0,3,0,4,4,16,0,3
2025-11-05 14:53:24.027,1.0,4.0,4.0,5.744562646538029,14,0,3,1,4,4,14,0,3
2025-11-05 14:53:24.217,0.0,4.0,3.0,5.0,16,0,2,0,4,3,16,0,2
2025-11-05 14:53:24.217,2.0,4.0,4.0,6.0,13,0,3,2,4,4,13,0,3
2025-11-05 14:53:24.327,0.0,5.0,5.0,7.0710678118654755,15,0,3,0,5,5,15,0,3
2025-11-05 14:53:24.418,1.0,4.0,4.0,5.744562646538029,16,0,3,1,4,4,16,0,3
2025-11-05 14:53:24.628,0.0,5.0,3.0,5.830951894845301,17,0,3,0,5,3,17,0,3
2025-11-05 14:53:24.655,2.0,4.0,4.0,6.0,15,0,3,2,4,4,15,0,3
2025-11-05 14:53:24.746,2.0,4.0,4.0,6.0,17,0,2,2,4,4,17,0,2
2025-11-05 14:53:24.805,1.0,3.0,4.0,5.0990195135927845,14,0,3,1,3,4,14,0,3
